Phi[deg],Theta[deg],dB(GainTotal)
0,0,-1.02759
5,0,-1.02759
10,0,-1.02759
15,0,-1.02759
20,0,-1.02759
25,0,-1.02759
30,0,-1.02759
35,0,-1.02759
40,0,-1.02759
45,0,-1.02759
50,0,-1.02759
55,0,-1.02759
60,0,-1.02759
65,0,-1.02759
70,0,-1.02759
75,0,-1.02759
80,0,-1.02759
85,0,-1.02759
90,0,-1.02759
95,0,-1.02759
100,0,-1.02759
105,0,-1.02759
110,0,-1.02759
115,0,-1.02759
120,0,-1.02759
125,0,-1.02759
130,0,-1.02759
135,0,-1.02759
140,0,-1.02759
145,0,-1.02759
150,0,-1.02759
155,0,-1.02759
160,0,-1.02759
165,0,-1.02759
170,0,-1.02759
175,0,-1.02759
180,0,-1.02759
185,0,-1.02759
190,0,-1.02759
195,0,-1.02759
200,0,-1.02759
205,0,-1.02759
210,0,-1.02759
215,0,-1.02759
220,0,-1.02759
225,0,-1.02759
230,0,-1.02759
235,0,-1.02759
240,0,-1.02759
245,0,-1.02759
250,0,-1.02759
255,0,-1.02759
260,0,-1.02759
265,0,-1.02759
270,0,-1.02759
275,0,-1.02759
280,0,-1.02759
285,0,-1.02759
290,0,-1.02759
295,0,-1.02759
300,0,-1.02759
305,0,-1.02759
310,0,-1.02759
315,0,-1.02759
320,0,-1.02759
325,0,-1.02759
330,0,-1.02759
335,0,-1.02759
340,0,-1.02759
345,0,-1.02759
350,0,-1.02759
355,0,-1.02759
360,0,-1.02759
0,5,-1.07298
5,5,-1.10782
10,5,-1.14226
15,5,-1.17603
20,5,-1.20886
25,5,-1.24048
30,5,-1.27063
35,5,-1.29906
40,5,-1.32552
45,5,-1.34979
50,5,-1.37167
55,5,-1.39094
60,5,-1.40744
65,5,-1.42102
70,5,-1.43154
75,5,-1.43889
80,5,-1.443
85,5,-1.44381
90,5,-1.4413
95,5,-1.43548
100,5,-1.42638
105,5,-1.41407
110,5,-1.39866
115,5,-1.38027
120,5,-1.35906
125,5,-1.33522
130,5,-1.30896
135,5,-1.28051
140,5,-1.25013
145,5,-1.2181
150,5,-1.1847
155,5,-1.15022
160,5,-1.11496
165,5,-1.07923
170,5,-1.04334
175,5,-1.00757
180,5,-0.972214
185,5,-0.937554
190,5,-0.903855
195,5,-0.871363
200,5,-0.840313
205,5,-0.810916
210,5,-0.783368
215,5,-0.757843
220,5,-0.734495
225,5,-0.713458
230,5,-0.694849
235,5,-0.678764
240,5,-0.665283
245,5,-0.654467
250,5,-0.646365
255,5,-0.641008
260,5,-0.638414
265,5,-0.638587
270,5,-0.64152
275,5,-0.647189
280,5,-0.655562
285,5,-0.666591
290,5,-0.680215
295,5,-0.696358
300,5,-0.714931
305,5,-0.73583
310,5,-0.758933
315,5,-0.784103
320,5,-0.811185
325,5,-0.84001
330,5,-0.87039
335,5,-0.902121
340,5,-0.934986
345,5,-0.968753
350,5,-1.00318
355,5,-1.03801
360,5,-1.07298
0,10,-1.10909
5,10,-1.17921
10,10,-1.24888
15,10,-1.3175
20,10,-1.3845
25,10,-1.44932
30,10,-1.5114
35,10,-1.57023
40,10,-1.62531
45,10,-1.67615
50,10,-1.72231
55,10,-1.76338
60,10,-1.79894
65,10,-1.82865
70,10,-1.85218
75,10,-1.86922
80,10,-1.87955
85,10,-1.88296
90,10,-1.87933
95,10,-1.86858
100,10,-1.85074
105,10,-1.82589
110,10,-1.79422
115,10,-1.75599
120,10,-1.71155
125,10,-1.66133
130,10,-1.60585
135,10,-1.54567
140,10,-1.48143
145,10,-1.4138
150,10,-1.34349
155,10,-1.27123
160,10,-1.19775
165,10,-1.12376
170,10,-1.04998
175,10,-0.977076
180,10,-0.905686
185,10,-0.836402
190,10,-0.76976
195,10,-0.706242
200,10,-0.646266
205,10,-0.590194
210,10,-0.538321
215,10,-0.490888
220,10,-0.448078
225,10,-0.410023
230,10,-0.376813
235,10,-0.348496
240,10,-0.325092
245,10,-0.306598
250,10,-0.292994
255,10,-0.28425
260,10,-0.280334
265,10,-0.281213
270,10,-0.286857
275,10,-0.297242
280,10,-0.312343
285,10,-0.332139
290,10,-0.356602
295,10,-0.385695
300,10,-0.419362
305,10,-0.457523
310,10,-0.500066
315,10,-0.546841
320,10,-0.597649
325,10,-0.652247
330,10,-0.710334
335,10,-0.77156
340,10,-0.835521
345,10,-0.901765
350,10,-0.969798
355,10,-1.03909
360,10,-1.10909
0,15,-1.13576
5,15,-1.24186
10,15,-1.34755
15,15,-1.45184
20,15,-1.55383
25,15,-1.65264
30,15,-1.74746
35,15,-1.83756
40,15,-1.92226
45,15,-2.00091
50,15,-2.0729
55,15,-2.13765
60,15,-2.19455
65,15,-2.24303
70,15,-2.28248
75,15,-2.31233
80,15,-2.33202
85,15,-2.34105
90,15,-2.33899
95,15,-2.32553
100,15,-2.3005
105,15,-2.2639
110,15,-2.21591
115,15,-2.15691
120,15,-2.08747
125,15,-2.00835
130,15,-1.92047
135,15,-1.82492
140,15,-1.72286
145,15,-1.61557
150,15,-1.50434
155,15,-1.39052
160,15,-1.27541
165,15,-1.16029
170,15,-1.04639
175,15,-0.934829
180,15,-0.826662
185,15,-0.722821
190,15,-0.624123
195,15,-0.531257
200,15,-0.444786
205,15,-0.365141
210,15,-0.292627
215,15,-0.227427
220,15,-0.169614
225,15,-0.119164
230,15,-0.0759705
235,15,-0.0398626
240,15,-0.0106287
245,15,0.0119647
250,15,0.0281511
255,15,0.0381437
260,15,0.0421185
265,15,0.0402005
270,15,0.0324549
275,15,0.0188837
280,15,-0.000571177
285,15,-0.0260193
290,15,-0.0576075
295,15,-0.0955007
300,15,-0.139859
305,15,-0.190816
310,15,-0.248447
315,15,-0.312753
320,15,-0.383637
325,15,-0.460886
330,15,-0.54416
335,15,-0.63299
340,15,-0.726778
345,15,-0.824809
350,15,-0.92626
355,15,-1.03023
360,15,-1.13576
0,20,-1.15139
5,20,-1.2943
10,20,-1.43671
15,20,-1.57715
20,20,-1.71429
25,20,-1.84699
30,20,-1.97426
35,20,-2.0953
40,20,-2.20942
45,20,-2.31604
50,20,-2.41457
55,20,-2.50442
60,20,-2.58488
65,20,-2.65515
70,20,-2.71431
75,20,-2.7613
80,20,-2.79501
85,20,-2.81433
90,20,-2.81821
95,20,-2.80577
100,20,-2.77638
105,20,-2.72971
110,20,-2.66586
115,20,-2.58527
120,20,-2.48883
125,20,-2.37779
130,20,-2.2537
135,20,-2.1184
140,20,-1.97388
145,20,-1.82224
150,20,-1.66563
155,20,-1.50616
160,20,-1.34588
165,20,-1.18676
170,20,-1.03059
175,20,-0.879047
180,20,-0.733604
185,20,-0.595553
190,20,-0.465979
195,20,-0.345755
200,20,-0.235535
205,20,-0.135755
210,20,-0.0466325
215,20,0.0318164
220,20,0.0997654
225,20,0.157554
230,20,0.205656
235,20,0.244647
240,20,0.275164
245,20,0.297859
250,20,0.313356
255,20,0.322208
260,20,0.324856
265,20,0.321595
270,20,0.312556
275,20,0.297693
280,20,0.276788
285,20,0.249468
290,20,0.215239
295,20,0.173527
300,20,0.123727
305,20,0.0652636
310,20,-0.00235929
315,20,-0.0794995
320,20,-0.166331
325,20,-0.262804
330,20,-0.368621
335,20,-0.48322
340,20,-0.605777
345,20,-0.735225
350,20,-0.870287
355,20,-1.00952
360,20,-1.15139
0,25,-1.15244
5,25,-1.33285
10,25,-1.5124
15,25,-1.68895
20,25,-1.86071
25,25,-2.02625
30,25,-2.18457
35,25,-2.33502
40,25,-2.47723
45,25,-2.61099
50,25,-2.73608
55,25,-2.85216
60,25,-2.9586
65,25,-3.05442
70,25,-3.13825
75,25,-3.20835
80,25,-3.26267
85,25,-3.299
90,25,-3.31514
95,25,-3.30913
100,25,-3.27943
105,25,-3.22509
110,25,-3.14592
115,25,-3.04253
120,25,-2.91628
125,25,-2.76923
130,25,-2.60398
135,25,-2.42352
140,25,-2.23105
145,25,-2.02984
150,25,-1.8231
155,25,-1.61391
160,25,-1.40519
165,25,-1.1996
170,25,-0.999571
175,25,-0.807289
180,25,-0.624657
185,25,-0.4533
190,25,-0.294544
195,25,-0.149405
200,25,-0.0185831
205,25,0.0975483
210,25,0.198934
215,25,0.285827
220,25,0.358768
225,25,0.418551
230,25,0.466184
235,25,0.50283
240,25,0.529745
245,25,0.548205
250,25,0.559425
255,25,0.564481
260,25,0.564229
265,25,0.559243
270,25,0.549768
275,25,0.535694
280,25,0.516561
285,25,0.491593
290,25,0.459751
295,25,0.419818
300,25,0.370493
305,25,0.310488
310,25,0.238642
315,25,0.154009
320,25,0.0559479
325,25,-0.0558048
330,25,-0.181087
335,25,-0.319279
340,25,-0.469307
345,25,-0.62966
350,25,-0.798452
355,25,-0.973501
360,25,-1.15244
0,30,-1.13333
5,30,-1.35134
10,30,-1.5678
15,30,-1.77974
20,30,-1.98474
25,30,-2.18116
30,30,-2.36811
35,30,-2.54541
40,30,-2.71341
45,30,-2.87272
50,30,-3.02393
55,30,-3.1673
60,30,-3.30254
65,30,-3.42858
70,30,-3.5435
75,30,-3.64454
80,30,-3.72822
85,30,-3.79054
90,30,-3.8274
95,30,-3.83497
100,30,-3.81011
105,30,-3.75082
110,30,-3.6565
115,30,-3.528
120,30,-3.36762
125,30,-3.17882
130,30,-2.96591
135,30,-2.73366
140,30,-2.48698
145,30,-2.23066
150,30,-1.96922
155,30,-1.7068
160,30,-1.44713
165,30,-1.19357
170,30,-0.949104
175,30,-0.716346
180,30,-0.497568
185,30,-0.294673
190,30,-0.109183
195,30,0.0577876
200,30,0.205544
205,30,0.333827
210,30,0.442813
215,30,0.533104
220,30,0.605703
225,30,0.661977
230,30,0.703602
235,30,0.732491
240,30,0.750708
245,30,0.760355
250,30,0.763451
255,30,0.761799
260,30,0.756854
265,30,0.749605
270,30,0.740484
275,30,0.729313
280,30,0.715312
285,30,0.697145
290,30,0.673021
295,30,0.640831
300,30,0.598306
305,30,0.54319
310,30,0.473397
315,30,0.387172
320,30,0.283219
325,30,0.16081
330,30,0.0198644
335,30,-0.138997
340,30,-0.314443
345,30,-0.504457
350,30,-0.706408
355,30,-0.917179
360,30,-1.13333
0,35,-1.08686
5,35,-1.34139
10,35,-1.59349
15,35,-1.83908
20,35,-2.07502
25,35,-2.29944
30,35,-2.51177
35,35,-2.7126
40,35,-2.90346
45,35,-3.08628
50,35,-3.26293
55,35,-3.43475
60,35,-3.60204
65,35,-3.76383
70,35,-3.91757
75,35,-4.05917
80,35,-4.18308
85,35,-4.2827
90,35,-4.3509
95,35,-4.38086
100,35,-4.36687
105,35,-4.30523
110,35,-4.19476
115,35,-4.03698
120,35,-3.83591
125,35,-3.59745
130,35,-3.32862
135,35,-3.03685
140,35,-2.72935
145,35,-2.41275
150,35,-2.09293
155,35,-1.77501
160,35,-1.4634
165,35,-1.16194
170,35,-0.873978
175,35,-0.602447
180,35,-0.349871
185,35,-0.118359
190,35,0.0904328
195,35,0.275337
200,35,0.43571
205,35,0.571457
210,35,0.683039
215,35,0.771463
220,35,0.838263
225,35,0.885456
230,35,0.915488
235,35,0.931148
240,35,0.935461
245,35,0.931548
250,35,0.922448
255,35,0.910923
260,35,0.899242
265,35,0.888978
270,35,0.880851
275,35,0.874628
280,35,0.869123
285,35,0.862272
290,35,0.851305
295,35,0.832959
300,35,0.803737
305,35,0.760157
310,35,0.698992
315,35,0.617489
320,35,0.513537
325,35,0.38582
330,35,0.233921
335,35,0.058395
340,35,-0.1392
345,35,-0.356321
350,35,-0.589521
355,35,-0.834604
360,35,-1.08686
0,40,-1.00535
5,40,-1.29359
10,40,-1.57849
15,40,-1.85467
20,40,-2.11817
25,40,-2.36689
30,40,-2.60072
35,40,-2.82137
40,40,-3.0319
45,40,-3.23605
50,40,-3.43745
55,40,-3.6389
60,40,-3.8417
65,40,-4.04517
70,40,-4.24623
75,40,-4.43922
80,40,-4.61596
85,40,-4.76616
90,40,-4.87829
95,40,-4.94089
100,40,-4.94426
105,40,-4.88205
110,40,-4.75247
115,40,-4.55851
120,40,-4.30735
125,40,-4.00894
130,40,-3.6745
135,40,-3.31509
140,40,-2.94077
145,40,-2.56011
150,40,-2.18016
155,40,-1.80666
160,40,-1.44435
165,40,-1.09721
170,40,-0.76872
175,40,-0.461919
180,40,-0.179474
185,40,0.0763827
190,40,0.303909
195,40,0.501929
200,40,0.66989
205,40,0.807898
210,40,0.916731
215,40,0.997838
220,40,1.05331
225,40,1.08586
230,40,1.09875
235,40,1.09571
240,40,1.08085
245,40,1.05849
250,40,1.0329
255,40,1.00805
260,40,0.987294
265,40,0.973005
270,40,0.966325
275,40,0.966989
280,40,0.973306
285,40,0.982291
290,40,0.989932
295,40,0.991536
300,40,0.982111
305,40,0.956732
310,40,0.910857
315,40,0.840603
320,40,0.742954
325,40,0.61593
330,40,0.458714
335,40,0.271742
340,40,0.0567515
345,40,-0.183218
350,40,-0.443901
355,40,-0.719974
360,40,-1.00535
0,45,-0.882384
5,45,-1.19936
10,45,-1.51229
15,45,-1.81444
20,45,-2.10096
25,45,-2.36955
30,45,-2.62067
35,45,-2.85735
40,45,-3.08449
45,45,-3.30791
50,45,-3.53333
55,45,-3.76537
60,45,-4.00672
65,45,-4.25732
70,45,-4.51383
75,45,-4.76907
80,45,-5.01179
85,45,-5.22699
90,45,-5.39695
95,45,-5.50335
100,45,-5.53034
105,45,-5.46771
110,45,-5.31317
115,45,-5.07277
120,45,-4.7592
125,45,-4.38886
130,45,-3.97888
135,45,-3.54491
140,45,-3.10001
145,45,-2.65435
150,45,-2.2156
155,45,-1.78953
160,45,-1.38064
165,45,-0.992649
170,45,-0.628858
175,45,-0.292257
180,45,0.0144606
185,45,0.288995
190,45,0.52956
195,45,0.734995
200,45,0.904858
205,45,1.03947
210,45,1.13994
215,45,1.20817
220,45,1.24678
225,45,1.25918
230,45,1.24943
235,45,1.22224
240,45,1.18288
245,45,1.13698
250,45,1.0903
255,45,1.04833
260,45,1.0158
265,45,0.996188
270,45,0.991229
275,45,1.00066
280,45,1.02216
285,45,1.05156
290,45,1.0833
295,45,1.11094
300,45,1.12772
305,45,1.12709
310,45,1.10308
315,45,1.05063
320,45,0.965781
325,45,0.845902
330,45,0.689767
335,45,0.497673
340,45,0.271499
345,45,0.014725
350,45,-0.267623
355,45,-0.569144
360,45,-0.882384
0,50,-0.714753
5,50,-1.05331
10,50,-1.38753
15,50,-1.70941
20,50,-2.0133
25,50,-2.29675
30,50,-2.56088
35,50,-2.81004
40,50,-3.05104
45,50,-3.29185
50,50,-3.54038
55,50,-3.80326
60,50,-4.08486
65,50,-4.38624
70,50,-4.7043
75,50,-5.03072
80,50,-5.35118
85,50,-5.64507
90,50,-5.88655
95,50,-6.04758
100,50,-6.1032
105,50,-6.03769
110,50,-5.84893
115,50,-5.54873
120,50,-5.1588
125,50,-4.70494
130,50,-4.21182
135,50,-3.70001
140,50,-3.18502
145,50,-2.67776
150,50,-2.18561
155,50,-1.71358
160,50,-1.26535
165,50,-0.843986
170,50,-0.452367
175,50,-0.0932898
180,50,0.230593
185,50,0.516942
190,50,0.763929
195,50,0.970407
200,50,1.13603
205,50,1.26133
210,50,1.34771
215,50,1.39746
220,50,1.41375
225,50,1.40057
230,50,1.36274
235,50,1.30592
240,50,1.23655
245,50,1.16173
250,50,1.08894
255,50,1.02555
260,50,0.978101
265,50,0.951536
270,50,0.948444
275,50,0.968585
280,50,1.00882
285,50,1.06346
290,50,1.12498
295,50,1.18481
300,50,1.23415
305,50,1.26467
310,50,1.2689
315,50,1.24064
320,50,1.17507
325,50,1.06897
330,50,0.920774
335,50,0.730659
340,50,0.500647
345,50,0.234608
350,50,-0.061763
355,50,-0.381108
360,50,-0.714753
0,55,-0.503816
5,55,-0.855055
10,55,-1.20223
15,55,-1.53634
20,55,-1.85113
25,55,-2.14411
30,55,-2.41703
35,55,-2.67549
40,55,-2.92796
45,55,-3.18434
50,55,-3.45455
55,55,-3.74723
60,55,-4.06858
65,55,-4.42124
70,55,-4.80297
75,55,-5.20507
80,55,-5.61059
85,55,-5.99299
90,55,-6.31656
95,55,-6.54031
100,55,-6.62663
105,55,-6.55249
110,55,-6.31747
115,55,-5.94323
120,55,-5.46493
125,55,-4.92043
130,55,-4.34256
135,55,-3.75601
140,55,-3.17745
145,55,-2.61722
150,55,-2.08139
155,55,-1.5735
160,55,-1.09597
165,55,-0.650968
170,55,-0.240789
175,55,0.132028
180,55,0.464885
185,55,0.755397
190,55,1.00166
195,55,1.20251
200,55,1.35762
205,55,1.46767
210,55,1.53431
215,55,1.56016
220,55,1.54878
225,55,1.50468
230,55,1.43333
235,55,1.34124
240,55,1.23604
245,55,1.12641
250,55,1.02185
255,55,0.932045
260,55,0.865924
265,55,0.830412
270,55,0.82927
275,55,0.862313
280,55,0.925298
285,55,1.01053
290,55,1.10793
295,55,1.20637
300,55,1.29469
305,55,1.36262
310,55,1.40125
315,55,1.4033
320,55,1.36328
325,55,1.27749
330,55,1.14416
335,55,0.963449
340,55,0.737544
345,55,0.470687
350,55,0.169153
355,55,-0.158904
360,55,-0.503816
0,60,-0.255865
5,60,-0.610052
10,60,-0.961024
15,60,-1.29921
20,60,-1.61804
25,60,-1.91517
30,60,-2.19286
35,60,-2.45771
40,60,-2.71941
45,60,-2.98934
50,60,-3.279
55,60,-3.59874
60,60,-3.95655
65,60,-4.35683
70,60,-4.79878
75,60,-5.2741
80,60,-5.76408
85,60,-6.2366
90,60,-6.6451
95,60,-6.93303
100,60,-7.04695
105,60,-6.95541
110,60,-6.66239
115,60,-6.20431
120,60,-5.63352
125,60,-5.00088
130,60,-4.34617
135,60,-3.69625
140,60,-3.06719
145,60,-2.46755
150,60,-1.90134
155,60,-1.37031
160,60,-0.875457
165,60,-0.417947
170,60,0.000484048
175,60,0.377561
180,60,0.710729
185,60,0.997511
190,60,1.23587
195,60,1.42452
200,60,1.56308
205,60,1.65226
210,60,1.69382
215,60,1.69059
220,60,1.64641
225,60,1.56615
230,60,1.45575
235,60,1.32248
240,60,1.1751
245,60,1.02399
250,60,0.881034
255,60,0.758843
260,60,0.66946
265,60,0.622522
270,60,0.623415
275,60,0.672018
280,60,0.762555
285,60,0.88459
290,60,1.02478
295,60,1.16876
300,60,1.30271
305,60,1.41431
310,60,1.49328
315,60,1.53146
320,60,1.52287
325,60,1.46359
330,60,1.35181
335,60,1.18778
340,60,0.973939
345,60,0.714903
350,60,0.417463
355,60,0.0904076
360,60,-0.255865
0,65,0.0187333
5,65,-0.328813
10,65,-0.674539
15,65,-1.00874
20,65,-1.32493
25,65,-1.62099
30,65,-1.89964
35,65,-2.16805
40,65,-2.43664
45,65,-2.71762
50,65,-3.02348
55,65,-3.36575
60,65,-3.75386
65,65,-4.19382
70,65,-4.68636
75,65,-5.22404
80,65,-5.78717
85,65,-6.33892
90,65,-6.82232
95,65,-7.16475
100,65,-7.29615
105,65,-7.17773
110,65,-6.82133
115,65,-6.28151
120,65,-5.62827
125,65,-4.92332
130,65,-4.21048
135,65,-3.51639
140,65,-2.85516
145,65,-2.23298
150,65,-1.65174
155,65,-1.11146
160,65,-0.611889
165,65,-0.153373
170,65,0.262855
175,65,0.634734
180,65,0.959713
185,65,1.23518
190,65,1.45887
195,65,1.62925
200,65,1.74578
205,65,1.809
210,65,1.82066
215,65,1.7836
220,65,1.70178
225,65,1.58019
230,65,1.42508
235,65,1.24427
240,65,1.04757
245,65,0.847217
250,65,0.657878
255,65,0.49588
260,65,0.377422
265,65,0.315885
270,65,0.318931
275,65,0.3865
280,65,0.51061
285,65,0.677032
290,65,0.86808
295,65,1.06541
300,65,1.2521
305,65,1.41375
310,65,1.53884
315,65,1.61864
320,65,1.64694
325,65,1.61988
330,65,1.53579
335,65,1.39519
340,65,1.20086
345,65,0.957828
350,65,0.673342
355,65,0.356686
360,65,0.0187333
0,70,0.307196
5,70,-0.0251093
10,70,-0.357441
15,70,-0.680379
20,70,-0.987797
25,70,-1.27795
30,70,-1.55387
35,70,-1.82292
40,70,-2.09569
45,70,-2.38457
50,70,-2.70235
55,70,-3.0611
60,70,-3.47102
65,70,-3.93914
70,70,-4.46724
75,70,-5.04851
80,70,-5.66248
85,70,-6.26861
90,70,-6.80151
95,70,-7.17551
100,70,-7.30796
105,70,-7.15701
110,70,-6.74479
115,70,-6.14242
120,70,-5.43293
125,70,-4.68394
130,70,-3.93989
135,70,-3.22567
140,70,-2.55305
145,70,-1.92618
150,70,-1.34532
155,70,-0.809323
160,70,-0.317108
165,70,0.131567
170,70,0.535818
175,70,0.893739
180,70,1.20274
185,70,1.46003
190,70,1.66303
195,70,1.80987
200,70,1.89962
205,70,1.93254
210,70,1.91011
215,70,1.83503
220,70,1.71106
225,70,1.54311
230,70,1.33744
235,70,1.10215
240,70,0.847986
245,70,0.58911
250,70,0.343482
255,70,0.132158
260,70,-0.0230276
265,70,-0.103412
270,70,-0.0980605
275,70,-0.0069967
280,70,0.158535
285,70,0.378924
290,70,0.630637
295,70,0.890352
300,70,1.13762
305,70,1.35596
310,70,1.53291
315,70,1.65948
320,70,1.72965
325,70,1.73989
330,70,1.68893
335,70,1.57774
340,70,1.40951
345,70,1.18972
350,70,0.92606
355,70,0.628178
360,70,0.307196
0,75,0.596168
5,75,0.286229
10,75,-0.0259282
15,75,-0.331459
20,75,-0.624821
25,75,-0.904699
30,75,-1.17429
35,75,-1.44084
40,75,-1.71461
45,75,-2.00759
50,75,-2.33222
55,75,-2.70035
60,75,-3.12214
65,75,-3.60473
70,75,-4.14997
75,75,-4.75079
80,75,-5.38557
85,75,-6.01092
90,75,-6.55642
95,75,-6.93013
100,75,-7.04577
105,75,-6.86473
110,75,-6.41846
115,75,-5.78715
120,75,-5.0583
125,75,-4.29975
130,75,-3.55415
135,75,-2.84434
140,75,-2.18042
145,75,-1.5654
150,75,-0.998839
155,75,-0.479117
160,75,-0.00481029
165,75,0.424589
170,75,0.808393
175,75,1.14478
180,75,1.43112
185,75,1.66436
190,75,1.8416
195,75,1.96047
200,75,2.01956
205,75,2.01864
210,75,1.95871
215,75,1.84201
220,75,1.67187
225,75,1.45273
230,75,1.19049
235,75,0.893169
240,75,0.572145
245,75,0.243488
250,75,-0.0710241
255,75,-0.344282
260,75,-0.546685
265,75,-0.651894
270,75,-0.644075
275,75,-0.523269
280,75,-0.3057
285,75,-0.0188327
290,75,0.305807
295,75,0.63864
300,75,0.955284
305,75,1.23735
310,75,1.47183
315,75,1.65002
320,75,1.7665
325,75,1.81845
330,75,1.80526
335,75,1.7285
340,75,1.59191
345,75,1.40143
350,75,1.16516
355,75,0.893012
360,75,0.596168
0,80,0.873219
5,80,0.591167
10,80,0.304468
15,80,0.0212291
20,80,-0.253696
25,80,-0.519425
30,80,-0.779199
35,80,-1.0399
40,80,-1.31109
45,80,-1.60388
50,80,-1.92977
55,80,-2.2997
60,80,-2.72296
65,80,-3.20577
70,80,-3.74895
75,80,-4.34408
80,80,-4.96788
85,80,-5.57525
90,80,-6.09514
95,80,-6.43803
100,80,-6.52429
105,80,-6.32367
110,80,-5.8724
115,80,-5.24969
120,80,-4.53879
125,80,-3.80325
130,80,-3.08283
135,80,-2.39877
140,80,-1.76059
145,80,-1.17121
150,80,-0.630368
155,80,-0.136661
160,80,0.311213
165,80,0.713741
170,80,1.07028
175,80,1.37903
180,80,1.63727
185,80,1.84174
190,80,1.98912
195,80,2.07653
200,80,2.10195
205,80,2.06447
210,80,1.96441
215,80,1.80324
220,80,1.58349
225,80,1.3087
230,80,0.983872
235,80,0.616392
240,80,0.217711
245,80,-0.194478
250,80,-0.594176
255,80,-0.946572
260,80,-1.21116
265,80,-1.35001
270,80,-1.33961
275,80,-1.18007
280,80,-0.895543
285,80,-0.525329
290,80,-0.112077
295,80,0.306827
300,80,0.70282
305,80,1.05605
310,80,1.35368
315,80,1.58793
320,80,1.75455
325,80,1.85184
330,80,1.88017
335,80,1.84188
340,80,1.74134
345,80,1.58501
350,80,1.38132
355,80,1.14035
360,80,0.873219
0,85,1.12775
5,85,0.877636
10,85,0.6203
15,85,0.363067
20,85,0.110099
25,85,-0.138114
30,85,-0.384753
35,85,-0.636159
40,85,-0.900949
45,85,-1.18899
50,85,-1.51041
55,85,-1.87463
60,85,-2.28936
65,85,-2.75907
70,85,-3.28264
75,85,-3.8496
80,85,-4.43503
85,85,-4.9939
90,85,-5.45919
95,85,-5.75136
100,85,-5.80454
105,85,-5.59833
110,85,-5.16833
115,85,-4.58485
120,85,-3.92102
125,85,-3.23345
130,85,-2.55849
135,85,-1.91638
140,85,-1.31686
145,85,-0.763579
150,85,-0.257104
155,85,0.203265
160,85,0.618342
165,85,0.988355
170,85,1.31255
175,85,1.58909
180,85,1.81515
185,85,1.98723
190,85,2.10165
195,85,2.155
200,85,2.14456
205,85,2.06866
210,85,1.92668
215,85,1.71905
220,85,1.44703
225,85,1.11276
230,85,0.719633
235,85,0.27354
240,85,-0.214973
245,85,-0.727426
250,85,-1.23364
255,85,-1.68926
260,85,-2.03823
265,85,-2.22441
270,85,-2.2114
275,85,-1.99953
280,85,-1.62619
285,85,-1.14923
290,85,-0.626975
295,85,-0.106307
300,85,0.380252
305,85,0.812388
310,85,1.17851
315,85,1.47269
320,85,1.69252
325,85,1.83792
330,85,1.91055
335,85,1.91374
340,85,1.85258
345,85,1.73402
350,85,1.5668
355,85,1.36107
360,85,1.12775
0,90,1.3514
5,90,1.13603
10,90,0.910814
15,90,0.682306
20,90,0.454041
25,90,0.226204
30,90,-0.00423486
35,90,-0.242963
40,90,-0.49749
45,90,-0.776228
50,90,-1.08759
55,90,-1.43911
60,90,-1.8364
65,90,-2.28168
70,90,-2.77144
75,90,-3.29319
80,90,-3.82114
85,90,-4.31258
90,90,-4.70835
95,90,-4.94308
100,90,-4.96677
105,90,-4.76739
110,90,-4.37614
115,90,-3.85073
120,90,-3.25177
125,90,-2.62776
130,90,-2.01137
135,90,-1.42201
140,90,-0.869982
145,90,-0.360073
150,90,0.105998
155,90,0.527944
160,90,0.905862
165,90,1.23953
170,90,1.52796
175,90,1.76918
180,90,1.96023
185,90,2.09743
190,90,2.17676
195,90,2.1943
200,90,2.14669
205,90,2.03134
210,90,1.84658
215,90,1.59147
220,90,1.2656
225,90,0.869042
230,90,0.402741
235,90,-0.13016
240,90,-0.721635
245,90,-1.35426
250,90,-1.99488
255,90,-2.58812
260,90,-3.05573
265,90,-3.31156
270,90,-3.29613
275,90,-3.01011
280,90,-2.51457
285,90,-1.89761
290,90,-1.23974
295,90,-0.598575
300,90,-0.00923971
305,90,0.509418
310,90,0.948722
315,90,1.3058
320,90,1.58095
325,90,1.77621
330,90,1.8949
335,90,1.94151
340,90,1.92195
345,90,1.84368
350,90,1.71567
355,90,1.54803
360,90,1.3514
0,95,1.538
5,95,1.35923
10,95,1.16797
15,95,0.970088
20,95,0.768601
25,95,0.563489
30,95,0.351966
35,95,0.129078
40,95,-0.111493
45,95,-0.376584
50,95,-0.672735
55,95,-1.00537
60,95,-1.37781
65,95,-1.78986
70,95,-2.23582
75,95,-2.70169
80,95,-3.16219
85,95,-3.57895
90,95,-3.90277
95,95,-4.08315
100,95,-4.08442
105,95,-3.90032
110,95,-3.55614
115,95,-3.09681
120,95,-2.57049
125,95,-2.01747
130,95,-1.46652
135,95,-0.936049
140,95,-0.436893
145,95,0.0250614
150,95,0.446873
155,95,0.827181
160,95,1.16525
165,95,1.46029
170,95,1.71095
175,95,1.91503
180,95,2.06944
185,95,2.17031
190,95,2.21337
195,95,2.19427
200,95,2.10902
205,95,1.95416
210,95,1.7268
215,95,1.42442
220,95,1.04452
225,95,0.584486
230,95,0.0417969
235,95,-0.584731
240,95,-1.29205
245,95,-2.06725
250,95,-2.87783
255,95,-3.65817
260,95,-4.29928
265,95,-4.66356
270,95,-4.64632
275,95,-4.24876
280,95,-3.57777
285,95,-2.77301
290,95,-1.94542
295,95,-1.16243
300,95,-0.458059
305,95,0.153723
310,95,0.669556
315,95,1.09114
320,95,1.42237
325,95,1.66801
330,95,1.83333
335,95,1.92421
340,95,1.94742
345,95,1.91092
350,95,1.82381
355,95,1.69608
360,95,1.538
0,100,1.68348
5,100,1.54235
10,100,1.38614
15,100,1.22012
20,100,1.04688
25,100,0.86633
30,100,0.676018
35,100,0.471785
40,100,0.24854
45,100,0.0010482
50,100,-0.275334
55,100,-0.583914
60,100,-0.925779
65,100,-1.29858
70,100,-1.69489
75,100,-2.10016
80,100,-2.49093
85,100,-2.8345
90,100,-3.09194
95,100,-3.22602
100,100,-3.2123
105,100,-3.048
110,100,-2.75259
115,100,-2.35982
120,100,-1.90687
125,100,-1.42635
130,100,-0.943064
135,100,-0.474098
140,100,-0.0304727
145,100,0.381047
150,100,0.756452
155,100,1.09337
160,100,1.39021
165,100,1.64553
170,100,1.85755
175,100,2.02378
180,100,2.14094
185,100,2.20505
190,100,2.21162
195,100,2.156
200,100,2.03364
205,100,1.84025
210,100,1.57172
215,100,1.22377
220,100,0.791573
225,100,0.269263
230,100,-0.350102
235,100,-1.0738
240,100,-1.90696
245,100,-2.8467
250,100,-3.86937
255,100,-4.90648
260,100,-5.8116
265,100,-6.35659
270,100,-6.33923
275,100,-5.76106
280,100,-4.82684
285,100,-3.76655
290,100,-2.72821
295,100,-1.78185
300,100,-0.952407
305,100,-0.243579
310,100,0.349662
315,100,0.835258
320,100,1.22159
325,100,1.51662
330,100,1.72785
335,100,1.86263
340,100,1.92868
345,100,1.93439
350,100,1.88892
355,100,1.80202
360,100,1.68348
0,105,1.78566
5,105,1.68249
10,105,1.56177
15,105,1.42823
20,105,1.28415
25,105,1.12948
30,105,0.962205
35,105,0.779005
40,105,0.576016
45,105,0.34955
50,105,0.0967596
55,105,-0.18372
60,105,-0.491028
65,105,-0.821121
70,105,-1.16555
75,105,-1.51018
80,105,-1.83435
85,105,-2.11139
90,105,-2.31174
95,105,-2.40885
100,105,-2.3864
105,105,-2.24352
110,105,-1.99468
115,105,-1.66467
120,105,-1.2816
125,105,-0.871336
130,105,-0.454773
135,105,-0.0473698
140,105,0.340073
145,105,0.700279
150,105,1.02843
155,105,1.32128
160,105,1.57647
165,105,1.79191
170,105,1.9653
175,105,2.09385
180,105,2.17411
185,105,2.20197
190,105,2.17284
195,105,2.08184
200,105,1.92401
205,105,1.69431
210,105,1.38748
215,105,0.997552
220,105,0.517238
225,105,-0.0627884
230,105,-0.754515
235,105,-1.57274
240,105,-2.53403
245,105,-3.65259
250,105,-4.92775
255,105,-6.31039
260,105,-7.6278
265,105,-8.49825
270,105,-8.48556
275,105,-7.58935
280,105,-6.24698
285,105,-4.84308
290,105,-3.55306
295,105,-2.42806
300,105,-1.47009
305,105,-0.665672
310,105,0.00177955
315,105,0.54784
320,105,0.985973
325,105,1.32757
330,105,1.58245
335,105,1.75949
340,105,1.86727
345,105,1.91455
350,105,1.91048
355,105,1.86445
360,105,1.78566
0,110,1.84411
5,110,1.77847
10,110,1.69302
15,110,1.59198
20,110,1.47743
25,110,1.34945
30,110,1.20653
35,110,1.04625
40,110,0.865916
45,110,0.663277
50,110,0.437073
55,110,0.187579
60,110,-0.0828279
65,110,-0.368982
70,110,-0.662147
75,110,-0.94933
80,110,-1.21311
85,110,-1.43257
90,110,-1.58595
95,110,-1.65475
100,110,-1.62829
105,110,-1.50661
110,110,-1.30027
115,110,-1.02721
120,110,-0.708355
125,110,-0.363897
130,110,-0.0110837
135,110,0.336474
140,110,0.668575
145,110,0.977811
150,110,1.25886
155,110,1.50782
160,110,1.72166
165,110,1.8977
170,110,2.03317
175,110,2.12497
180,110,2.16948
185,110,2.16252
190,110,2.09947
195,110,1.97535
200,110,1.78491
205,110,1.52256
210,110,1.18205
215,110,0.755942
220,110,0.234766
225,110,-0.394017
230,110,-1.14726
235,110,-2.0475
240,110,-3.12425
245,110,-4.41423
250,110,-5.95601
255,110,-7.76138
260,110,-9.70024
265,110,-11.1908
270,110,-11.198
275,110,-9.70415
280,110,-7.7434
285,110,-5.9141
290,110,-4.35417
295,110,-3.05475
300,110,-1.97849
305,110,-1.08909
310,110,-0.356728
315,110,0.242072
320,110,0.725734
325,110,1.10887
330,110,1.40342
335,110,1.61959
340,110,1.76672
345,110,1.85382
350,110,1.88987
355,110,1.88379
360,110,1.84411
0,115,1.8601
5,115,1.83073
10,115,1.77959
15,115,1.71043
20,115,1.62519
25,115,1.52417
30,115,1.40643
35,115,1.27041
40,115,1.11454
45,115,0.937824
50,115,0.740313
55,115,0.523539
60,115,0.29091
65,115,0.0481353
70,115,-0.196357
75,115,-0.43117
80,115,-0.642147
85,115,-0.813378
90,115,-0.929205
95,115,-0.976975
100,115,-0.949778
105,115,-0.848074
110,115,-0.679481
115,115,-0.456876
120,115,-0.195695
125,115,0.0885302
130,115,0.381818
135,115,0.67248
140,115,0.951205
145,115,1.21079
150,115,1.44569
155,115,1.6516
160,115,1.82499
165,115,1.96267
170,115,2.06151
175,115,2.11814
180,115,2.12882
185,115,2.08937
190,115,1.99521
195,115,1.84139
200,115,1.62254
205,115,1.33273
210,115,0.965089
215,115,0.511143
220,115,-0.0400991
225,115,-0.703438
230,115,-1.4992
235,115,-2.45566
240,115,-3.61253
245,115,-5.02628
250,115,-6.77653
255,115,-8.96382
260,115,-11.6228
265,115,-14.1349
270,115,-14.2083
275,115,-11.73
280,115,-9.0331
285,115,-6.8062
290,115,-5.02716
295,115,-3.59655
300,115,-2.4344
305,115,-1.48369
310,115,-0.703836
315,115,-0.0652749
320,115,0.45407
325,115,0.871144
330,115,1.19939
335,115,1.44998
340,115,1.6327
345,115,1.75659
350,115,1.83033
355,115,1.86225
360,115,1.8601
0,120,1.83654
5,120,1.84122
10,120,1.8226
15,120,1.78399
20,120,1.72723
25,120,1.65287
30,120,1.56058
35,120,1.4496
40,120,1.31935
45,120,1.16989
50,120,1.00225
55,120,0.818847
60,120,0.623624
65,120,0.422341
70,120,0.222701
75,120,0.0343232
80,120,-0.131626
85,120,-0.263318
90,120,-0.349686
95,120,-0.382191
100,120,-0.356422
105,120,-0.272994
110,120,-0.13739
115,120,0.0411765
120,120,0.251388
125,120,0.481421
130,120,0.720126
135,120,0.957693
140,120,1.18587
145,120,1.39792
150,120,1.58836
155,120,1.75269
160,120,1.88706
165,120,1.98797
170,120,2.05203
175,120,2.07569
180,120,2.05519
185,120,1.98643
190,120,1.86499
195,120,1.68605
200,120,1.44436
205,120,1.13393
210,120,0.747714
215,120,0.276913
220,120,-0.289938
225,120,-0.968241
230,120,-1.77911
235,120,-2.75195
240,120,-3.92845
245,120,-5.36902
250,120,-7.16243
255,120,-9.43284
260,120,-12.2786
265,120,-15.1596
270,120,-15.3203
275,120,-12.512
280,120,-9.6068
285,120,-7.27813
290,120,-5.44328
295,120,-3.97683
300,120,-2.78799
305,120,-1.81473
310,120,-1.01386
315,120,-0.354323
320,120,0.186931
325,120,0.62753
330,120,0.981391
335,120,1.25993
340,120,1.47296
345,120,1.62927
350,120,1.73703
355,120,1.80381
360,120,1.83654
0,125,1.77793
5,125,1.8134
10,125,1.82459
15,125,1.81441
20,125,1.78463
25,125,1.73604
30,125,1.66886
35,125,1.58307
40,125,1.4789
45,125,1.35721
50,125,1.21974
55,125,1.06934
60,125,0.910144
65,125,0.747565
70,125,0.588336
75,125,0.440325
80,125,0.312133
85,125,0.212405
90,125,0.148856
95,125,0.127194
100,125,0.150191
105,125,0.217197
110,125,0.324254
115,125,0.464761
120,125,0.630448
125,125,0.812387
130,125,1.00181
135,125,1.19065
140,125,1.37179
145,125,1.53912
150,125,1.68743
155,125,1.81225
160,125,1.90964
165,125,1.97595
170,125,2.00766
175,125,2.00123
180,125,1.95296
185,125,1.85894
190,125,1.71502
195,125,1.51669
200,125,1.25901
205,125,0.936338
210,125,0.541994
215,125,0.0676958
220,125,-0.497174
225,125,-1.16653
230,125,-1.95886
235,125,-2.89877
240,125,-4.01905
245,125,-5.36247
250,125,-6.98028
255,125,-8.91152
260,125,-11.0748
265,125,-12.8837
270,125,-13.0111
275,125,-11.3196
280,125,-9.13953
285,125,-7.1618
290,125,-5.50279
295,125,-4.13021
300,125,-2.99314
305,125,-2.0478
310,125,-1.26
315,125,-0.603461
320,125,-0.0577624
325,125,0.393204
330,125,0.76243
335,125,1.06068
340,125,1.29719
345,125,1.48012
350,125,1.61686
355,125,1.71413
360,125,1.77793
0,130,1.69019
5,130,1.75211
10,130,1.78948
15,130,1.8048
20,130,1.79976
25,130,1.7754
30,130,1.73236
35,130,1.67122
40,130,1.59285
45,130,1.49864
50,130,1.39073
55,130,1.27212
60,130,1.14678
65,130,1.01956
70,130,0.896112
75,130,0.782702
80,130,0.685828
85,130,0.611722
90,130,0.565712
95,130,0.55158
100,130,0.571035
105,130,0.623452
110,130,0.705956
115,130,0.813798
120,130,0.940946
125,130,1.0807
130,130,1.22625
135,130,1.37109
140,130,1.5092
145,130,1.63523
150,130,1.74439
155,130,1.83244
160,130,1.89552
165,130,1.93003
170,130,1.93253
175,130,1.89957
180,130,1.82769
185,130,1.71329
190,130,1.55261
195,130,1.34162
200,130,1.07597
205,130,0.750716
210,130,0.360133
215,130,-0.102683
220,130,-0.646218
225,130,-1.28099
230,130,-2.01988
235,130,-2.8782
240,130,-3.87266
245,130,-5.01768
250,130,-6.31402
255,130,-7.71781
260,130,-9.0699
265,130,-10.0074
270,130,-10.0855
275,130,-9.25602
280,130,-7.93449
285,130,-6.51879
290,130,-5.19844
295,130,-4.03126
300,130,-3.02158
305,130,-2.15633
310,130,-1.41852
315,130,-0.791774
320,130,-0.261623
325,130,0.184369
330,130,0.556825
335,130,0.864882
340,130,1.11652
345,130,1.31884
350,130,1.4782
355,130,1.6003
360,130,1.69019
0,135,1.58038
5,135,1.66345
10,135,1.72245
15,135,1.75954
20,135,1.7763
25,135,1.77392
30,135,1.75337
35,135,1.71565
40,135,1.66202
45,135,1.59418
50,135,1.51441
55,135,1.42563
60,135,1.3314
65,135,1.23587
70,135,1.14365
75,135,1.05958
80,135,0.988497
85,135,0.934834
90,135,0.902243
95,135,0.893207
100,135,0.908756
105,135,0.948322
110,135,1.0098
115,135,1.08977
120,135,1.18383
125,135,1.287
130,135,1.39403
135,135,1.49977
140,135,1.59926
145,135,1.68791
150,135,1.7615
155,135,1.81617
160,135,1.84831
165,135,1.85455
170,135,1.83167
175,135,1.77652
180,135,1.68595
185,135,1.55681
190,135,1.38588
195,135,1.1698
200,135,0.905
205,135,0.587624
210,135,0.213366
215,135,-0.222638
220,135,-0.725873
225,135,-1.30236
230,135,-1.95818
235,135,-2.69832
240,135,-3.52407
245,135,-4.42755
250,135,-5.38147
255,135,-6.32194
260,135,-7.12926
265,135,-7.63283
270,135,-7.68295
275,135,-7.26215
280,135,-6.50103
285,135,-5.57547
290,135,-4.61908
295,135,-3.70704
300,135,-2.87329
305,135,-2.12886
310,135,-1.47358
315,135,-0.902317
320,135,-0.408049
325,135,0.0166543
330,135,0.378982
335,135,0.685634
340,135,0.94276
345,135,1.15597
350,135,1.33036
355,135,1.47049
360,135,1.58038
0,140,1.45631
5,140,1.55439
10,140,1.62975
15,140,1.68417
20,140,1.71911
25,140,1.7358
30,140,1.73538
35,140,1.71909
40,140,1.68838
45,140,1.64503
50,140,1.59125
55,140,1.52967
60,140,1.46336
65,140,1.39571
70,140,1.33033
75,140,1.2709
80,140,1.22092
85,140,1.18351
90,140,1.16115
95,140,1.15546
100,140,1.16703
105,140,1.19538
110,140,1.23896
115,140,1.29531
120,140,1.36123
125,140,1.43304
130,140,1.50677
135,140,1.5784
140,140,1.64394
145,140,1.69961
150,140,1.74179
155,140,1.7671
160,140,1.77236
165,140,1.75459
170,140,1.71091
175,140,1.63857
180,140,1.53492
185,140,1.39734
190,140,1.22327
195,140,1.01014
200,140,0.755399
205,140,0.456443
210,140,0.110666
215,140,-0.284487
220,140,-0.731325
225,140,-1.23148
230,140,-1.78511
235,140,-2.38943
240,140,-3.0363
245,140,-3.70857
250,140,-4.37511
255,140,-4.98611
260,140,-5.47316
265,140,-5.76122
270,140,-5.79551
275,140,-5.5691
280,140,-5.12704
285,140,-4.54281
290,140,-3.88905
295,140,-3.22133
300,140,-2.57562
305,140,-1.97227
310,140,-1.42111
315,140,-0.925452
320,140,-0.484893
325,140,-0.096977
330,140,0.241763
335,140,0.535216
340,140,0.787353
345,140,1.00204
350,140,1.18293
355,140,1.33336
360,140,1.45631
0,145,1.32598
5,145,1.43241
10,145,1.51832
15,145,1.5851
20,145,1.634
25,145,1.66621
30,145,1.68289
35,145,1.68531
40,145,1.67493
45,145,1.65344
50,145,1.62281
55,145,1.58528
60,145,1.54334
65,145,1.49965
70,145,1.45694
75,145,1.41791
80,145,1.38504
85,145,1.36048
90,145,1.34589
95,145,1.3423
100,145,1.35005
105,145,1.36873
110,145,1.39723
115,145,1.43377
120,145,1.47607
125,145,1.52144
130,145,1.56694
135,145,1.6095
140,145,1.64603
145,145,1.67348
150,145,1.68891
155,145,1.68952
160,145,1.67264
165,145,1.63576
170,145,1.57651
175,145,1.49264
180,145,1.38204
185,145,1.24275
190,145,1.07293
195,145,0.870884
200,145,0.635102
205,145,0.364302
210,145,0.0575256
215,145,-0.285689
220,145,-0.665013
225,145,-1.07886
230,145,-1.52364
235,145,-1.99279
240,145,-2.47534
245,145,-2.95443
250,145,-3.40608
255,145,-3.79927
260,145,-4.09876
265,145,-4.27157
270,145,-4.29607
275,145,-4.16931
280,145,-3.90827
285,145,-3.54392
290,145,-3.11212
295,145,-2.64601
300,145,-2.17204
305,145,-1.70915
310,145,-1.26972
315,145,-0.861058
320,145,-0.486867
325,145,-0.148403
330,145,0.154649
335,145,0.423569
340,145,0.660186
345,145,0.866595
350,145,1.04497
355,145,1.19744
360,145,1.32598
0,150,1.19708
5,150,1.30501
10,150,1.39535
15,150,1.46913
20,150,1.52732
25,150,1.57093
30,150,1.60102
35,150,1.61875
40,150,1.6254
45,150,1.62244
50,150,1.6115
55,150,1.59436
60,150,1.57293
65,150,1.54919
70,150,1.52512
75,150,1.50261
80,150,1.48337
85,150,1.46882
90,150,1.46006
95,150,1.45772
100,150,1.46198
105,150,1.47252
110,150,1.48855
115,150,1.50882
120,150,1.53173
125,150,1.55536
130,150,1.57761
135,150,1.59622
140,150,1.60887
145,150,1.61325
150,150,1.6071
155,150,1.58821
160,150,1.55451
165,150,1.50404
170,150,1.43498
175,150,1.34566
180,150,1.23459
185,150,1.10043
190,150,0.942108
195,150,0.758757
200,150,0.549836
205,150,0.315187
210,150,0.0551586
215,150,-0.229216
220,150,-0.535976
225,150,-0.861898
230,150,-1.20208
235,150,-1.54946
240,150,-1.89434
245,150,-2.2241
250,150,-2.52338
255,150,-2.77487
260,150,-2.96125
265,150,-3.06788
270,150,-3.08573
275,150,-3.01354
280,150,-2.8581
285,150,-2.63272
290,150,-2.35441
295,150,-2.04092
300,150,-1.70854
305,150,-1.37085
310,150,-1.03834
315,150,-0.7186
320,150,-0.416742
325,150,-0.135922
330,150,0.122177
335,150,0.356925
340,150,0.568425
345,150,0.757256
350,150,0.924286
355,150,1.07054
360,150,1.19708
0,155,1.0765
5,155,1.1792
10,155,1.26785
15,155,1.34306
20,155,1.4055
25,155,1.45591
30,155,1.49514
35,155,1.52409
40,155,1.54379
45,155,1.55538
50,155,1.56008
55,155,1.55921
60,155,1.55412
65,155,1.54621
70,155,1.53681
75,155,1.52717
80,155,1.51841
85,155,1.51144
90,155,1.50693
95,155,1.50526
100,155,1.50652
105,155,1.51045
110,155,1.51653
115,155,1.52391
120,155,1.53151
125,155,1.53804
130,155,1.54205
135,155,1.54197
140,155,1.53619
145,155,1.52305
150,155,1.50094
155,155,1.46828
160,155,1.4236
165,155,1.36552
170,155,1.29279
175,155,1.20433
180,155,1.09923
185,155,0.976797
190,155,0.836584
195,155,0.678434
200,155,0.502535
205,155,0.3095
210,155,0.100452
215,155,-0.122853
220,155,-0.357892
225,155,-0.601217
230,155,-0.848307
235,155,-1.09345
240,155,-1.3297
245,155,-1.54901
250,155,-1.74256
255,155,-1.90139
260,155,-2.01725
265,155,-2.0836
270,155,-2.09658
275,155,-2.05564
280,155,-1.96359
285,155,-1.82619
290,155,-1.65129
295,155,-1.44776
300,155,-1.22459
305,155,-0.990113
310,155,-0.751558
315,155,-0.514872
320,155,-0.284703
325,155,-0.0645119
330,155,0.14326
335,155,0.337003
340,155,0.515759
345,155,0.679066
350,155,0.826823
355,155,0.959188
360,155,1.0765
0,160,0.970005
5,160,1.06124
10,160,1.14224
15,160,1.21324
20,160,1.27461
25,160,1.32677
30,160,1.37028
35,160,1.40573
40,160,1.43383
45,160,1.45533
50,160,1.47106
55,160,1.48188
60,160,1.48866
65,160,1.49228
70,160,1.49355
75,160,1.49326
80,160,1.49205
85,160,1.49046
90,160,1.48888
95,160,1.48751
100,160,1.48638
105,160,1.48533
110,160,1.48401
115,160,1.48189
120,160,1.4783
125,160,1.47244
130,160,1.46338
135,160,1.45016
140,160,1.43172
145,160,1.40705
150,160,1.37509
155,160,1.33488
160,160,1.2855
165,160,1.22612
170,160,1.15604
175,160,1.07471
180,160,0.981733
185,160,0.87692
190,160,0.76031
195,160,0.632203
200,160,0.493204
205,160,0.344264
210,160,0.186728
215,160,0.0223831
220,160,-0.146495
225,160,-0.317107
230,160,-0.486124
235,160,-0.649706
240,160,-0.803586
245,160,-0.943218
250,160,-1.064
255,160,-1.16156
260,160,-1.23213
265,160,-1.27283
270,160,-1.28202
275,160,-1.25943
280,160,-1.20624
285,160,-1.12488
290,160,-1.01884
295,160,-0.892308
300,160,-0.749789
305,160,-0.595821
310,160,-0.434699
315,160,-0.270297
320,160,-0.105974
325,160,0.0554647
330,160,0.211757
335,160,0.36114
340,160,0.502292
345,160,0.634266
350,160,0.756428
355,160,0.868399
360,160,0.970005
0,165,0.882211
5,165,0.956441
10,165,1.02417
15,165,1.08537
20,165,1.1401
25,165,1.18853
30,165,1.23087
35,165,1.26744
40,165,1.29859
45,165,1.32472
50,165,1.34627
55,165,1.36372
60,165,1.37751
65,165,1.38813
70,165,1.39599
75,165,1.40151
80,165,1.40501
85,165,1.40677
90,165,1.40697
95,165,1.4057
100,165,1.40298
105,165,1.3987
110,165,1.39267
115,165,1.3846
120,165,1.37414
125,165,1.36085
130,165,1.34425
135,165,1.32381
140,165,1.29899
145,165,1.26926
150,165,1.23409
155,165,1.19299
160,165,1.14554
165,165,1.09138
170,165,1.03026
175,165,0.962025
180,165,0.886663
185,165,0.804309
190,165,0.715266
195,165,0.620022
200,165,0.51927
205,165,0.41392
210,165,0.305112
215,165,0.194223
220,165,0.082862
225,165,-0.0271369
230,165,-0.133747
235,165,-0.234792
240,165,-0.328008
245,165,-0.411132
250,165,-0.482001
255,165,-0.538661
260,165,-0.579489
265,165,-0.603291
270,165,-0.609385
275,165,-0.597652
280,165,-0.568537
285,165,-0.523021
290,165,-0.462545
295,165,-0.38891
300,165,-0.304167
305,165,-0.210497
310,165,-0.110107
315,165,-0.005137
320,165,0.102408
325,165,0.210707
330,165,0.31815
335,165,0.423354
340,165,0.525155
345,165,0.622605
350,165,0.714952
355,165,0.801625
360,165,0.882211
0,170,0.816614
5,170,0.869227
10,170,0.918574
15,170,0.964477
20,170,1.00683
25,170,1.04556
30,170,1.0807
35,170,1.11226
40,170,1.14034
45,170,1.16506
50,170,1.18654
55,170,1.20496
60,170,1.22045
65,170,1.2332
70,170,1.24336
75,170,1.25106
80,170,1.25644
85,170,1.25958
90,170,1.26055
95,170,1.25938
100,170,1.25607
105,170,1.25058
110,170,1.24282
115,170,1.23269
120,170,1.22006
125,170,1.20476
130,170,1.18663
135,170,1.16547
140,170,1.14112
145,170,1.11339
150,170,1.08214
155,170,1.04725
160,170,1.00863
165,170,0.966265
170,170,0.920168
175,170,0.870439
180,170,0.817249
185,170,0.760851
190,170,0.70159
195,170,0.639901
200,170,0.576318
205,170,0.51147
210,170,0.446076
215,170,0.380945
220,170,0.316957
225,170,0.255053
230,170,0.196217
235,170,0.141443
240,170,0.0917162
245,170,0.0479758
250,170,0.0110829
255,170,-0.0182124
260,170,-0.0393019
265,170,-0.0517454
270,170,-0.0552903
275,170,-0.0498825
280,170,-0.0356682
285,170,-0.0129857
290,170,0.0176512
295,170,0.055577
300,170,0.100004
305,170,0.150056
310,170,0.204798
315,170,0.263273
320,170,0.324525
325,170,0.387628
330,170,0.451705
335,170,0.515944
340,170,0.579605
345,170,0.642032
350,170,0.702653
355,170,0.760981
360,170,0.816614
0,175,0.775815
5,175,0.80328
10,175,0.82977
15,175,0.855126
20,175,0.87921
25,175,0.901906
30,175,0.923117
35,175,0.942768
40,175,0.960798
45,175,0.977163
50,175,0.991832
55,175,1.00478
60,175,1.01601
65,175,1.0255
70,175,1.03326
75,175,1.03929
80,175,1.04359
85,175,1.04617
90,175,1.04703
95,175,1.04618
100,175,1.04361
105,175,1.03932
110,175,1.03331
115,175,1.02557
120,175,1.01611
125,175,1.00491
130,175,0.991977
135,175,0.977327
140,175,0.960972
145,175,0.942941
150,175,0.923272
155,175,0.902023
160,175,0.879266
165,175,0.855096
170,175,0.829627
175,175,0.802997
180,175,0.775369
185,175,0.74693
190,175,0.71789
195,175,0.688485
200,175,0.658972
205,175,0.629627
210,175,0.600742
215,175,0.572625
220,175,0.545588
225,175,0.519947
230,175,0.496015
235,175,0.474096
240,175,0.454476
245,175,0.437418
250,175,0.423158
255,175,0.411894
260,175,0.403787
265,175,0.398949
270,175,0.397449
275,175,0.399305
280,175,0.404485
285,175,0.412909
290,175,0.424452
295,175,0.438944
300,175,0.456179
305,175,0.475919
310,175,0.497899
315,175,0.521833
320,175,0.547421
325,175,0.574359
330,175,0.602337
335,175,0.63105
340,175,0.660204
345,175,0.689515
350,175,0.718716
355,175,0.747558
360,175,0.775815
0,180,0.761678
5,180,0.761678
10,180,0.761678
15,180,0.761678
20,180,0.761678
25,180,0.761678
30,180,0.761678
35,180,0.761678
40,180,0.761678
45,180,0.761678
50,180,0.761678
55,180,0.761678
60,180,0.761678
65,180,0.761678
70,180,0.761678
75,180,0.761678
80,180,0.761678
85,180,0.761678
90,180,0.761678
95,180,0.761678
100,180,0.761678
105,180,0.761678
110,180,0.761678
115,180,0.761678
120,180,0.761678
125,180,0.761678
130,180,0.761678
135,180,0.761678
140,180,0.761678
145,180,0.761678
150,180,0.761678
155,180,0.761678
160,180,0.761678
165,180,0.761678
170,180,0.761678
175,180,0.761678
180,180,0.761678
185,180,0.761678
190,180,0.761678
195,180,0.761678
200,180,0.761678
205,180,0.761678
210,180,0.761678
215,180,0.761678
220,180,0.761678
225,180,0.761678
230,180,0.761678
235,180,0.761678
240,180,0.761678
245,180,0.761678
250,180,0.761678
255,180,0.761678
260,180,0.761678
265,180,0.761678
270,180,0.761678
275,180,0.761678
280,180,0.761678
285,180,0.761678
290,180,0.761678
295,180,0.761678
300,180,0.761678
305,180,0.761678
310,180,0.761678
315,180,0.761678
320,180,0.761678
325,180,0.761678
330,180,0.761678
335,180,0.761678
340,180,0.761678
345,180,0.761678
350,180,0.761678
355,180,0.761678
360,180,0.761678
0,185,0.775369
5,185,0.74693
10,185,0.71789
15,185,0.688485
20,185,0.658972
25,185,0.629627
30,185,0.600742
35,185,0.572625
40,185,0.545588
45,185,0.519947
50,185,0.496015
55,185,0.474096
60,185,0.454476
65,185,0.437418
70,185,0.423158
75,185,0.411894
80,185,0.403787
85,185,0.398949
90,185,0.397449
95,185,0.399305
100,185,0.404485
105,185,0.412909
110,185,0.424452
115,185,0.438944
120,185,0.456179
125,185,0.475919
130,185,0.497899
135,185,0.521833
140,185,0.547421
145,185,0.574359
150,185,0.602337
155,185,0.63105
160,185,0.660204
165,185,0.689515
170,185,0.718716
175,185,0.747558
180,185,0.775815
185,185,0.80328
190,185,0.82977
195,185,0.855126
200,185,0.87921
205,185,0.901906
210,185,0.923117
215,185,0.942768
220,185,0.960798
225,185,0.977163
230,185,0.991832
235,185,1.00478
240,185,1.01601
245,185,1.0255
250,185,1.03326
255,185,1.03929
260,185,1.04359
265,185,1.04617
270,185,1.04703
275,185,1.04618
280,185,1.04361
285,185,1.03932
290,185,1.03331
295,185,1.02557
300,185,1.01611
305,185,1.00491
310,185,0.991977
315,185,0.977327
320,185,0.960972
325,185,0.942941
330,185,0.923272
335,185,0.902023
340,185,0.879266
345,185,0.855096
350,185,0.829627
355,185,0.802997
360,185,0.775369
0,190,0.817249
5,190,0.760851
10,190,0.70159
15,190,0.639901
20,190,0.576318
25,190,0.51147
30,190,0.446076
35,190,0.380945
40,190,0.316957
45,190,0.255053
50,190,0.196217
55,190,0.141443
60,190,0.0917162
65,190,0.0479758
70,190,0.0110829
75,190,-0.0182124
80,190,-0.0393019
85,190,-0.0517454
90,190,-0.0552903
95,190,-0.0498825
100,190,-0.0356682
105,190,-0.0129857
110,190,0.0176512
115,190,0.055577
120,190,0.100004
125,190,0.150056
130,190,0.204798
135,190,0.263273
140,190,0.324525
145,190,0.387628
150,190,0.451705
155,190,0.515944
160,190,0.579605
165,190,0.642032
170,190,0.702653
175,190,0.760981
180,190,0.816614
185,190,0.869227
190,190,0.918574
195,190,0.964477
200,190,1.00683
205,190,1.04556
210,190,1.0807
215,190,1.11226
220,190,1.14034
225,190,1.16506
230,190,1.18654
235,190,1.20496
240,190,1.22045
245,190,1.2332
250,190,1.24336
255,190,1.25106
260,190,1.25644
265,190,1.25958
270,190,1.26055
275,190,1.25938
280,190,1.25607
285,190,1.25058
290,190,1.24282
295,190,1.23269
300,190,1.22006
305,190,1.20476
310,190,1.18663
315,190,1.16547
320,190,1.14112
325,190,1.11339
330,190,1.08214
335,190,1.04725
340,190,1.00863
345,190,0.966265
350,190,0.920168
355,190,0.870439
360,190,0.817249
0,195,0.886663
5,195,0.804309
10,195,0.715266
15,195,0.620022
20,195,0.51927
25,195,0.41392
30,195,0.305112
35,195,0.194223
40,195,0.082862
45,195,-0.0271369
50,195,-0.133747
55,195,-0.234792
60,195,-0.328008
65,195,-0.411132
70,195,-0.482001
75,195,-0.538661
80,195,-0.579489
85,195,-0.603291
90,195,-0.609385
95,195,-0.597652
100,195,-0.568537
105,195,-0.523021
110,195,-0.462545
115,195,-0.38891
120,195,-0.304167
125,195,-0.210497
130,195,-0.110107
135,195,-0.005137
140,195,0.102408
145,195,0.210707
150,195,0.31815
155,195,0.423354
160,195,0.525155
165,195,0.622605
170,195,0.714952
175,195,0.801625
180,195,0.882211
185,195,0.956441
190,195,1.02417
195,195,1.08537
200,195,1.1401
205,195,1.18853
210,195,1.23087
215,195,1.26744
220,195,1.29859
225,195,1.32472
230,195,1.34627
235,195,1.36372
240,195,1.37751
245,195,1.38813
250,195,1.39599
255,195,1.40151
260,195,1.40501
265,195,1.40677
270,195,1.40697
275,195,1.4057
280,195,1.40298
285,195,1.3987
290,195,1.39267
295,195,1.3846
300,195,1.37414
305,195,1.36085
310,195,1.34425
315,195,1.32381
320,195,1.29899
325,195,1.26926
330,195,1.23409
335,195,1.19299
340,195,1.14554
345,195,1.09138
350,195,1.03026
355,195,0.962025
360,195,0.886663
0,200,0.981733
5,200,0.87692
10,200,0.76031
15,200,0.632203
20,200,0.493204
25,200,0.344264
30,200,0.186728
35,200,0.0223831
40,200,-0.146495
45,200,-0.317107
50,200,-0.486124
55,200,-0.649706
60,200,-0.803586
65,200,-0.943218
70,200,-1.064
75,200,-1.16156
80,200,-1.23213
85,200,-1.27283
90,200,-1.28202
95,200,-1.25943
100,200,-1.20624
105,200,-1.12488
110,200,-1.01884
115,200,-0.892308
120,200,-0.749789
125,200,-0.595821
130,200,-0.434699
135,200,-0.270297
140,200,-0.105974
145,200,0.0554647
150,200,0.211757
155,200,0.36114
160,200,0.502292
165,200,0.634266
170,200,0.756428
175,200,0.868399
180,200,0.970005
185,200,1.06124
190,200,1.14224
195,200,1.21324
200,200,1.27461
205,200,1.32677
210,200,1.37028
215,200,1.40573
220,200,1.43383
225,200,1.45533
230,200,1.47106
235,200,1.48188
240,200,1.48866
245,200,1.49228
250,200,1.49355
255,200,1.49326
260,200,1.49205
265,200,1.49046
270,200,1.48888
275,200,1.48751
280,200,1.48638
285,200,1.48533
290,200,1.48401
295,200,1.48189
300,200,1.4783
305,200,1.47244
310,200,1.46338
315,200,1.45016
320,200,1.43172
325,200,1.40705
330,200,1.37509
335,200,1.33488
340,200,1.2855
345,200,1.22612
350,200,1.15604
355,200,1.07471
360,200,0.981733
0,205,1.09923
5,205,0.976797
10,205,0.836584
15,205,0.678434
20,205,0.502535
25,205,0.3095
30,205,0.100452
35,205,-0.122853
40,205,-0.357892
45,205,-0.601217
50,205,-0.848307
55,205,-1.09345
60,205,-1.3297
65,205,-1.54901
70,205,-1.74256
75,205,-1.90139
80,205,-2.01725
85,205,-2.0836
90,205,-2.09658
95,205,-2.05564
100,205,-1.96359
105,205,-1.82619
110,205,-1.65129
115,205,-1.44776
120,205,-1.22459
125,205,-0.990113
130,205,-0.751558
135,205,-0.514872
140,205,-0.284703
145,205,-0.0645119
150,205,0.14326
155,205,0.337003
160,205,0.515759
165,205,0.679066
170,205,0.826823
175,205,0.959188
180,205,1.0765
185,205,1.1792
190,205,1.26785
195,205,1.34306
200,205,1.4055
205,205,1.45591
210,205,1.49514
215,205,1.52409
220,205,1.54379
225,205,1.55538
230,205,1.56008
235,205,1.55921
240,205,1.55412
245,205,1.54621
250,205,1.53681
255,205,1.52717
260,205,1.51841
265,205,1.51144
270,205,1.50693
275,205,1.50526
280,205,1.50652
285,205,1.51045
290,205,1.51653
295,205,1.52391
300,205,1.53151
305,205,1.53804
310,205,1.54205
315,205,1.54197
320,205,1.53619
325,205,1.52305
330,205,1.50094
335,205,1.46828
340,205,1.4236
345,205,1.36552
350,205,1.29279
355,205,1.20433
360,205,1.09923
0,210,1.23459
5,210,1.10043
10,210,0.942108
15,210,0.758757
20,210,0.549836
25,210,0.315187
30,210,0.0551586
35,210,-0.229216
40,210,-0.535976
45,210,-0.861898
50,210,-1.20208
55,210,-1.54946
60,210,-1.89434
65,210,-2.2241
70,210,-2.52338
75,210,-2.77487
80,210,-2.96125
85,210,-3.06788
90,210,-3.08573
95,210,-3.01354
100,210,-2.8581
105,210,-2.63272
110,210,-2.35441
115,210,-2.04092
120,210,-1.70854
125,210,-1.37085
130,210,-1.03834
135,210,-0.7186
140,210,-0.416742
145,210,-0.135922
150,210,0.122177
155,210,0.356925
160,210,0.568425
165,210,0.757256
170,210,0.924286
175,210,1.07054
180,210,1.19708
185,210,1.30501
190,210,1.39535
195,210,1.46913
200,210,1.52732
205,210,1.57093
210,210,1.60102
215,210,1.61875
220,210,1.6254
225,210,1.62244
230,210,1.6115
235,210,1.59436
240,210,1.57293
245,210,1.54919
250,210,1.52512
255,210,1.50261
260,210,1.48337
265,210,1.46882
270,210,1.46006
275,210,1.45772
280,210,1.46198
285,210,1.47252
290,210,1.48855
295,210,1.50882
300,210,1.53173
305,210,1.55536
310,210,1.57761
315,210,1.59622
320,210,1.60887
325,210,1.61325
330,210,1.6071
335,210,1.58821
340,210,1.55451
345,210,1.50404
350,210,1.43498
355,210,1.34566
360,210,1.23459
0,215,1.38204
5,215,1.24275
10,215,1.07293
15,215,0.870884
20,215,0.635102
25,215,0.364302
30,215,0.0575256
35,215,-0.285689
40,215,-0.665013
45,215,-1.07886
50,215,-1.52364
55,215,-1.99279
60,215,-2.47534
65,215,-2.95443
70,215,-3.40608
75,215,-3.79927
80,215,-4.09876
85,215,-4.27157
90,215,-4.29607
95,215,-4.16931
100,215,-3.90827
105,215,-3.54392
110,215,-3.11212
115,215,-2.64601
120,215,-2.17204
125,215,-1.70915
130,215,-1.26972
135,215,-0.861058
140,215,-0.486867
145,215,-0.148403
150,215,0.154649
155,215,0.423569
160,215,0.660186
165,215,0.866595
170,215,1.04497
175,215,1.19744
180,215,1.32598
185,215,1.43241
190,215,1.51832
195,215,1.5851
200,215,1.634
205,215,1.66621
210,215,1.68289
215,215,1.68531
220,215,1.67493
225,215,1.65344
230,215,1.62281
235,215,1.58528
240,215,1.54334
245,215,1.49965
250,215,1.45694
255,215,1.41791
260,215,1.38504
265,215,1.36048
270,215,1.34589
275,215,1.3423
280,215,1.35005
285,215,1.36873
290,215,1.39723
295,215,1.43377
300,215,1.47607
305,215,1.52144
310,215,1.56694
315,215,1.6095
320,215,1.64603
325,215,1.67348
330,215,1.68891
335,215,1.68952
340,215,1.67264
345,215,1.63576
350,215,1.57651
355,215,1.49264
360,215,1.38204
0,220,1.53492
5,220,1.39734
10,220,1.22327
15,220,1.01014
20,220,0.755399
25,220,0.456443
30,220,0.110666
35,220,-0.284487
40,220,-0.731325
45,220,-1.23148
50,220,-1.78511
55,220,-2.38943
60,220,-3.0363
65,220,-3.70857
70,220,-4.37511
75,220,-4.98611
80,220,-5.47316
85,220,-5.76122
90,220,-5.79551
95,220,-5.5691
100,220,-5.12704
105,220,-4.54281
110,220,-3.88905
115,220,-3.22133
120,220,-2.57562
125,220,-1.97227
130,220,-1.42111
135,220,-0.925452
140,220,-0.484893
145,220,-0.096977
150,220,0.241763
155,220,0.535216
160,220,0.787353
165,220,1.00204
170,220,1.18293
175,220,1.33336
180,220,1.45631
185,220,1.55439
190,220,1.62975
195,220,1.68417
200,220,1.71911
205,220,1.7358
210,220,1.73538
215,220,1.71909
220,220,1.68838
225,220,1.64503
230,220,1.59125
235,220,1.52967
240,220,1.46336
245,220,1.39571
250,220,1.33033
255,220,1.2709
260,220,1.22092
265,220,1.18351
270,220,1.16115
275,220,1.15546
280,220,1.16703
285,220,1.19538
290,220,1.23896
295,220,1.29531
300,220,1.36123
305,220,1.43304
310,220,1.50677
315,220,1.5784
320,220,1.64394
325,220,1.69961
330,220,1.74179
335,220,1.7671
340,220,1.77236
345,220,1.75459
350,220,1.71091
355,220,1.63857
360,220,1.53492
0,225,1.68595
5,225,1.55681
10,225,1.38588
15,225,1.1698
20,225,0.905
25,225,0.587624
30,225,0.213366
35,225,-0.222638
40,225,-0.725873
45,225,-1.30236
50,225,-1.95818
55,225,-2.69832
60,225,-3.52407
65,225,-4.42755
70,225,-5.38147
75,225,-6.32194
80,225,-7.12926
85,225,-7.63283
90,225,-7.68295
95,225,-7.26215
100,225,-6.50103
105,225,-5.57547
110,225,-4.61908
115,225,-3.70704
120,225,-2.87329
125,225,-2.12886
130,225,-1.47358
135,225,-0.902317
140,225,-0.408049
145,225,0.0166543
150,225,0.378982
155,225,0.685634
160,225,0.94276
165,225,1.15597
170,225,1.33036
175,225,1.47049
180,225,1.58038
185,225,1.66345
190,225,1.72245
195,225,1.75954
200,225,1.7763
205,225,1.77392
210,225,1.75337
215,225,1.71565
220,225,1.66202
225,225,1.59418
230,225,1.51441
235,225,1.42563
240,225,1.3314
245,225,1.23587
250,225,1.14365
255,225,1.05958
260,225,0.988497
265,225,0.934834
270,225,0.902243
275,225,0.893207
280,225,0.908756
285,225,0.948322
290,225,1.0098
295,225,1.08977
300,225,1.18383
305,225,1.287
310,225,1.39403
315,225,1.49977
320,225,1.59926
325,225,1.68791
330,225,1.7615
335,225,1.81617
340,225,1.84831
345,225,1.85455
350,225,1.83167
355,225,1.77652
360,225,1.68595
0,230,1.82769
5,230,1.71329
10,230,1.55261
15,230,1.34162
20,230,1.07597
25,230,0.750716
30,230,0.360133
35,230,-0.102683
40,230,-0.646218
45,230,-1.28099
50,230,-2.01988
55,230,-2.8782
60,230,-3.87266
65,230,-5.01768
70,230,-6.31402
75,230,-7.71781
80,230,-9.0699
85,230,-10.0074
90,230,-10.0855
95,230,-9.25602
100,230,-7.93449
105,230,-6.51879
110,230,-5.19844
115,230,-4.03126
120,230,-3.02158
125,230,-2.15633
130,230,-1.41852
135,230,-0.791774
140,230,-0.261623
145,230,0.184369
150,230,0.556825
155,230,0.864882
160,230,1.11652
165,230,1.31884
170,230,1.4782
175,230,1.6003
180,230,1.69019
185,230,1.75211
190,230,1.78948
195,230,1.8048
200,230,1.79976
205,230,1.7754
210,230,1.73236
215,230,1.67122
220,230,1.59285
225,230,1.49864
230,230,1.39073
235,230,1.27212
240,230,1.14678
245,230,1.01956
250,230,0.896112
255,230,0.782702
260,230,0.685828
265,230,0.611722
270,230,0.565712
275,230,0.55158
280,230,0.571035
285,230,0.623452
290,230,0.705956
295,230,0.813798
300,230,0.940946
305,230,1.0807
310,230,1.22625
315,230,1.37109
320,230,1.5092
325,230,1.63523
330,230,1.74439
335,230,1.83244
340,230,1.89552
345,230,1.93003
350,230,1.93253
355,230,1.89957
360,230,1.82769
0,235,1.95296
5,235,1.85894
10,235,1.71502
15,235,1.51669
20,235,1.25901
25,235,0.936338
30,235,0.541994
35,235,0.0676958
40,235,-0.497174
45,235,-1.16653
50,235,-1.95886
55,235,-2.89877
60,235,-4.01905
65,235,-5.36247
70,235,-6.98028
75,235,-8.91152
80,235,-11.0748
85,235,-12.8837
90,235,-13.0111
95,235,-11.3196
100,235,-9.13953
105,235,-7.1618
110,235,-5.50279
115,235,-4.13021
120,235,-2.99314
125,235,-2.0478
130,235,-1.26
135,235,-0.603461
140,235,-0.0577624
145,235,0.393204
150,235,0.76243
155,235,1.06068
160,235,1.29719
165,235,1.48012
170,235,1.61686
175,235,1.71413
180,235,1.77793
185,235,1.8134
190,235,1.82459
195,235,1.81441
200,235,1.78463
205,235,1.73604
210,235,1.66886
215,235,1.58307
220,235,1.4789
225,235,1.35721
230,235,1.21974
235,235,1.06934
240,235,0.910144
245,235,0.747565
250,235,0.588336
255,235,0.440325
260,235,0.312133
265,235,0.212405
270,235,0.148856
275,235,0.127194
280,235,0.150191
285,235,0.217197
290,235,0.324254
295,235,0.464761
300,235,0.630448
305,235,0.812387
310,235,1.00181
315,235,1.19065
320,235,1.37179
325,235,1.53912
330,235,1.68743
335,235,1.81225
340,235,1.90964
345,235,1.97595
350,235,2.00766
355,235,2.00123
360,235,1.95296
0,240,2.05519
5,240,1.98643
10,240,1.86499
15,240,1.68605
20,240,1.44436
25,240,1.13393
30,240,0.747714
35,240,0.276913
40,240,-0.289938
45,240,-0.968241
50,240,-1.77911
55,240,-2.75195
60,240,-3.92845
65,240,-5.36902
70,240,-7.16243
75,240,-9.43284
80,240,-12.2786
85,240,-15.1596
90,240,-15.3203
95,240,-12.512
100,240,-9.6068
105,240,-7.27813
110,240,-5.44328
115,240,-3.97683
120,240,-2.78799
125,240,-1.81473
130,240,-1.01386
135,240,-0.354323
140,240,0.186931
145,240,0.62753
150,240,0.981391
155,240,1.25993
160,240,1.47296
165,240,1.62927
170,240,1.73703
175,240,1.80381
180,240,1.83654
185,240,1.84122
190,240,1.8226
195,240,1.78399
200,240,1.72723
205,240,1.65287
210,240,1.56058
215,240,1.4496
220,240,1.31935
225,240,1.16989
230,240,1.00225
235,240,0.818847
240,240,0.623624
245,240,0.422341
250,240,0.222701
255,240,0.0343232
260,240,-0.131626
265,240,-0.263318
270,240,-0.349686
275,240,-0.382191
280,240,-0.356422
285,240,-0.272994
290,240,-0.13739
295,240,0.0411765
300,240,0.251388
305,240,0.481421
310,240,0.720126
315,240,0.957693
320,240,1.18587
325,240,1.39792
330,240,1.58836
335,240,1.75269
340,240,1.88706
345,240,1.98797
350,240,2.05203
355,240,2.07569
360,240,2.05519
0,245,2.12882
5,245,2.08937
10,245,1.99521
15,245,1.84139
20,245,1.62254
25,245,1.33273
30,245,0.965089
35,245,0.511143
40,245,-0.0400991
45,245,-0.703438
50,245,-1.4992
55,245,-2.45566
60,245,-3.61253
65,245,-5.02628
70,245,-6.77653
75,245,-8.96382
80,245,-11.6228
85,245,-14.1349
90,245,-14.2083
95,245,-11.73
100,245,-9.0331
105,245,-6.8062
110,245,-5.02716
115,245,-3.59655
120,245,-2.4344
125,245,-1.48369
130,245,-0.703836
135,245,-0.0652749
140,245,0.45407
145,245,0.871144
150,245,1.19939
155,245,1.44998
160,245,1.6327
165,245,1.75659
170,245,1.83033
175,245,1.86225
180,245,1.8601
185,245,1.83073
190,245,1.77959
195,245,1.71043
200,245,1.62519
205,245,1.52417
210,245,1.40643
215,245,1.27041
220,245,1.11454
225,245,0.937824
230,245,0.740313
235,245,0.523539
240,245,0.29091
245,245,0.0481353
250,245,-0.196357
255,245,-0.43117
260,245,-0.642147
265,245,-0.813378
270,245,-0.929205
275,245,-0.976975
280,245,-0.949778
285,245,-0.848074
290,245,-0.679481
295,245,-0.456876
300,245,-0.195695
305,245,0.0885302
310,245,0.381818
315,245,0.67248
320,245,0.951205
325,245,1.21079
330,245,1.44569
335,245,1.6516
340,245,1.82499
345,245,1.96267
350,245,2.06151
355,245,2.11814
360,245,2.12882
0,250,2.16948
5,250,2.16252
10,250,2.09947
15,250,1.97535
20,250,1.78491
25,250,1.52256
30,250,1.18205
35,250,0.755942
40,250,0.234766
45,250,-0.394017
50,250,-1.14726
55,250,-2.0475
60,250,-3.12425
65,250,-4.41423
70,250,-5.95601
75,250,-7.76138
80,250,-9.70024
85,250,-11.1908
90,250,-11.198
95,250,-9.70415
100,250,-7.7434
105,250,-5.9141
110,250,-4.35417
115,250,-3.05475
120,250,-1.97849
125,250,-1.08909
130,250,-0.356728
135,250,0.242072
140,250,0.725734
145,250,1.10887
150,250,1.40342
155,250,1.61959
160,250,1.76672
165,250,1.85382
170,250,1.88987
175,250,1.88379
180,250,1.84411
185,250,1.77847
190,250,1.69302
195,250,1.59198
200,250,1.47743
205,250,1.34945
210,250,1.20653
215,250,1.04625
220,250,0.865916
225,250,0.663277
230,250,0.437073
235,250,0.187579
240,250,-0.0828279
245,250,-0.368982
250,250,-0.662147
255,250,-0.94933
260,250,-1.21311
265,250,-1.43257
270,250,-1.58595
275,250,-1.65475
280,250,-1.62829
285,250,-1.50661
290,250,-1.30027
295,250,-1.02721
300,250,-0.708355
305,250,-0.363897
310,250,-0.0110837
315,250,0.336474
320,250,0.668575
325,250,0.977811
330,250,1.25886
335,250,1.50782
340,250,1.72166
345,250,1.8977
350,250,2.03317
355,250,2.12497
360,250,2.16948
0,255,2.17411
5,255,2.20197
10,255,2.17284
15,255,2.08184
20,255,1.92401
25,255,1.69431
30,255,1.38748
35,255,0.997552
40,255,0.517238
45,255,-0.0627884
50,255,-0.754515
55,255,-1.57274
60,255,-2.53403
65,255,-3.65259
70,255,-4.92775
75,255,-6.31039
80,255,-7.6278
85,255,-8.49825
90,255,-8.48556
95,255,-7.58935
100,255,-6.24698
105,255,-4.84308
110,255,-3.55306
115,255,-2.42806
120,255,-1.47009
125,255,-0.665672
130,255,0.00177955
135,255,0.54784
140,255,0.985973
145,255,1.32757
150,255,1.58245
155,255,1.75949
160,255,1.86727
165,255,1.91455
170,255,1.91048
175,255,1.86445
180,255,1.78566
185,255,1.68249
190,255,1.56177
195,255,1.42823
200,255,1.28415
205,255,1.12948
210,255,0.962205
215,255,0.779005
220,255,0.576016
225,255,0.34955
230,255,0.0967596
235,255,-0.18372
240,255,-0.491028
245,255,-0.821121
250,255,-1.16555
255,255,-1.51018
260,255,-1.83435
265,255,-2.11139
270,255,-2.31174
275,255,-2.40885
280,255,-2.3864
285,255,-2.24352
290,255,-1.99468
295,255,-1.66467
300,255,-1.2816
305,255,-0.871336
310,255,-0.454773
315,255,-0.0473698
320,255,0.340073
325,255,0.700279
330,255,1.02843
335,255,1.32128
340,255,1.57647
345,255,1.79191
350,255,1.9653
355,255,2.09385
360,255,2.17411
0,260,2.14094
5,260,2.20505
10,260,2.21162
15,260,2.156
20,260,2.03364
25,260,1.84025
30,260,1.57172
35,260,1.22377
40,260,0.791573
45,260,0.269263
50,260,-0.350102
55,260,-1.0738
60,260,-1.90696
65,260,-2.8467
70,260,-3.86937
75,260,-4.90648
80,260,-5.8116
85,260,-6.35659
90,260,-6.33923
95,260,-5.76106
100,260,-4.82684
105,260,-3.76655
110,260,-2.72821
115,260,-1.78185
120,260,-0.952407
125,260,-0.243579
130,260,0.349662
135,260,0.835258
140,260,1.22159
145,260,1.51662
150,260,1.72785
155,260,1.86263
160,260,1.92868
165,260,1.93439
170,260,1.88892
175,260,1.80202
180,260,1.68348
185,260,1.54235
190,260,1.38614
195,260,1.22012
200,260,1.04688
205,260,0.86633
210,260,0.676018
215,260,0.471785
220,260,0.24854
225,260,0.0010482
230,260,-0.275334
235,260,-0.583914
240,260,-0.925779
245,260,-1.29858
250,260,-1.69489
255,260,-2.10016
260,260,-2.49093
265,260,-2.8345
270,260,-3.09194
275,260,-3.22602
280,260,-3.2123
285,260,-3.048
290,260,-2.75259
295,260,-2.35982
300,260,-1.90687
305,260,-1.42635
310,260,-0.943064
315,260,-0.474098
320,260,-0.0304727
325,260,0.381047
330,260,0.756452
335,260,1.09337
340,260,1.39021
345,260,1.64553
350,260,1.85755
355,260,2.02378
360,260,2.14094
0,265,2.06944
5,265,2.17031
10,265,2.21337
15,265,2.19427
20,265,2.10902
25,265,1.95416
30,265,1.7268
35,265,1.42442
40,265,1.04452
45,265,0.584486
50,265,0.0417969
55,265,-0.584731
60,265,-1.29205
65,265,-2.06725
70,265,-2.87783
75,265,-3.65817
80,265,-4.29928
85,265,-4.66356
90,265,-4.64632
95,265,-4.24876
100,265,-3.57777
105,265,-2.77301
110,265,-1.94542
115,265,-1.16243
120,265,-0.458059
125,265,0.153723
130,265,0.669556
135,265,1.09114
140,265,1.42237
145,265,1.66801
150,265,1.83333
155,265,1.92421
160,265,1.94742
165,265,1.91092
170,265,1.82381
175,265,1.69608
180,265,1.538
185,265,1.35923
190,265,1.16797
195,265,0.970088
200,265,0.768601
205,265,0.563489
210,265,0.351966
215,265,0.129078
220,265,-0.111493
225,265,-0.376584
230,265,-0.672735
235,265,-1.00537
240,265,-1.37781
245,265,-1.78986
250,265,-2.23582
255,265,-2.70169
260,265,-3.16219
265,265,-3.57895
270,265,-3.90277
275,265,-4.08315
280,265,-4.08442
285,265,-3.90032
290,265,-3.55614
295,265,-3.09681
300,265,-2.57049
305,265,-2.01747
310,265,-1.46652
315,265,-0.936049
320,265,-0.436893
325,265,0.0250614
330,265,0.446873
335,265,0.827181
340,265,1.16525
345,265,1.46029
350,265,1.71095
355,265,1.91503
360,265,2.06944
0,270,1.96023
5,270,2.09743
10,270,2.17676
15,270,2.1943
20,270,2.14669
25,270,2.03134
30,270,1.84658
35,270,1.59147
40,270,1.2656
45,270,0.869042
50,270,0.402741
55,270,-0.13016
60,270,-0.721635
65,270,-1.35426
70,270,-1.99488
75,270,-2.58812
80,270,-3.05573
85,270,-3.31156
90,270,-3.29613
95,270,-3.01011
100,270,-2.51457
105,270,-1.89761
110,270,-1.23974
115,270,-0.598575
120,270,-0.00923971
125,270,0.509418
130,270,0.948722
135,270,1.3058
140,270,1.58095
145,270,1.77621
150,270,1.8949
155,270,1.94151
160,270,1.92195
165,270,1.84368
170,270,1.71567
175,270,1.54803
180,270,1.3514
185,270,1.13603
190,270,0.910814
195,270,0.682306
200,270,0.454041
205,270,0.226204
210,270,-0.00423486
215,270,-0.242963
220,270,-0.49749
225,270,-0.776228
230,270,-1.08759
235,270,-1.43911
240,270,-1.8364
245,270,-2.28168
250,270,-2.77144
255,270,-3.29319
260,270,-3.82114
265,270,-4.31258
270,270,-4.70835
275,270,-4.94308
280,270,-4.96677
285,270,-4.76739
290,270,-4.37614
295,270,-3.85073
300,270,-3.25177
305,270,-2.62776
310,270,-2.01137
315,270,-1.42201
320,270,-0.869982
325,270,-0.360073
330,270,0.105998
335,270,0.527944
340,270,0.905862
345,270,1.23953
350,270,1.52796
355,270,1.76918
360,270,1.96023
0,275,1.81515
5,275,1.98723
10,275,2.10165
15,275,2.155
20,275,2.14456
25,275,2.06866
30,275,1.92668
35,275,1.71905
40,275,1.44703
45,275,1.11276
50,275,0.719633
55,275,0.27354
60,275,-0.214973
65,275,-0.727426
70,275,-1.23364
75,275,-1.68926
80,275,-2.03823
85,275,-2.22441
90,275,-2.2114
95,275,-1.99953
100,275,-1.62619
105,275,-1.14923
110,275,-0.626975
115,275,-0.106307
120,275,0.380252
125,275,0.812388
130,275,1.17851
135,275,1.47269
140,275,1.69252
145,275,1.83792
150,275,1.91055
155,275,1.91374
160,275,1.85258
165,275,1.73402
170,275,1.5668
175,275,1.36107
180,275,1.12775
185,275,0.877636
190,275,0.6203
195,275,0.363067
200,275,0.110099
205,275,-0.138114
210,275,-0.384753
215,275,-0.636159
220,275,-0.900949
225,275,-1.18899
230,275,-1.51041
235,275,-1.87463
240,275,-2.28936
245,275,-2.75907
250,275,-3.28264
255,275,-3.8496
260,275,-4.43503
265,275,-4.9939
270,275,-5.45919
275,275,-5.75136
280,275,-5.80454
285,275,-5.59833
290,275,-5.16833
295,275,-4.58485
300,275,-3.92102
305,275,-3.23345
310,275,-2.55849
315,275,-1.91638
320,275,-1.31686
325,275,-0.763579
330,275,-0.257104
335,275,0.203265
340,275,0.618342
345,275,0.988355
350,275,1.31255
355,275,1.58909
360,275,1.81515
0,280,1.63727
5,280,1.84174
10,280,1.98912
15,280,2.07653
20,280,2.10195
25,280,2.06447
30,280,1.96441
35,280,1.80324
40,280,1.58349
45,280,1.3087
50,280,0.983872
55,280,0.616392
60,280,0.217711
65,280,-0.194478
70,280,-0.594176
75,280,-0.946572
80,280,-1.21116
85,280,-1.35001
90,280,-1.33961
95,280,-1.18007
100,280,-0.895543
105,280,-0.525329
110,280,-0.112077
115,280,0.306827
120,280,0.70282
125,280,1.05605
130,280,1.35368
135,280,1.58793
140,280,1.75455
145,280,1.85184
150,280,1.88017
155,280,1.84188
160,280,1.74134
165,280,1.58501
170,280,1.38132
175,280,1.14035
180,280,0.873219
185,280,0.591167
190,280,0.304468
195,280,0.0212291
200,280,-0.253696
205,280,-0.519425
210,280,-0.779199
215,280,-1.0399
220,280,-1.31109
225,280,-1.60388
230,280,-1.92977
235,280,-2.2997
240,280,-2.72296
245,280,-3.20577
250,280,-3.74895
255,280,-4.34408
260,280,-4.96788
265,280,-5.57525
270,280,-6.09514
275,280,-6.43803
280,280,-6.52429
285,280,-6.32367
290,280,-5.8724
295,280,-5.24969
300,280,-4.53879
305,280,-3.80325
310,280,-3.08283
315,280,-2.39877
320,280,-1.76059
325,280,-1.17121
330,280,-0.630368
335,280,-0.136661
340,280,0.311213
345,280,0.713741
350,280,1.07028
355,280,1.37903
360,280,1.63727
0,285,1.43112
5,285,1.66436
10,285,1.8416
15,285,1.96047
20,285,2.01956
25,285,2.01864
30,285,1.95871
35,285,1.84201
40,285,1.67187
45,285,1.45273
50,285,1.19049
55,285,0.893169
60,285,0.572145
65,285,0.243488
70,285,-0.0710241
75,285,-0.344282
80,285,-0.546685
85,285,-0.651894
90,285,-0.644075
95,285,-0.523269
100,285,-0.3057
105,285,-0.0188327
110,285,0.305807
115,285,0.63864
120,285,0.955284
125,285,1.23735
130,285,1.47183
135,285,1.65002
140,285,1.7665
145,285,1.81845
150,285,1.80526
155,285,1.7285
160,285,1.59191
165,285,1.40143
170,285,1.16516
175,285,0.893012
180,285,0.596168
185,285,0.286229
190,285,-0.0259282
195,285,-0.331459
200,285,-0.624821
205,285,-0.904699
210,285,-1.17429
215,285,-1.44084
220,285,-1.71461
225,285,-2.00759
230,285,-2.33222
235,285,-2.70035
240,285,-3.12214
245,285,-3.60473
250,285,-4.14997
255,285,-4.75079
260,285,-5.38557
265,285,-6.01092
270,285,-6.55642
275,285,-6.93013
280,285,-7.04577
285,285,-6.86473
290,285,-6.41846
295,285,-5.78715
300,285,-5.0583
305,285,-4.29975
310,285,-3.55415
315,285,-2.84434
320,285,-2.18042
325,285,-1.5654
330,285,-0.998839
335,285,-0.479117
340,285,-0.00481029
345,285,0.424589
350,285,0.808393
355,285,1.14478
360,285,1.43112
0,290,1.20274
5,290,1.46003
10,290,1.66303
15,290,1.80987
20,290,1.89962
25,290,1.93254
30,290,1.91011
35,290,1.83503
40,290,1.71106
45,290,1.54311
50,290,1.33744
55,290,1.10215
60,290,0.847986
65,290,0.58911
70,290,0.343482
75,290,0.132158
80,290,-0.0230276
85,290,-0.103412
90,290,-0.0980605
95,290,-0.0069967
100,290,0.158535
105,290,0.378924
110,290,0.630637
115,290,0.890352
120,290,1.13762
125,290,1.35596
130,290,1.53291
135,290,1.65948
140,290,1.72965
145,290,1.73989
150,290,1.68893
155,290,1.57774
160,290,1.40951
165,290,1.18972
170,290,0.92606
175,290,0.628178
180,290,0.307196
185,290,-0.0251093
190,290,-0.357441
195,290,-0.680379
200,290,-0.987797
205,290,-1.27795
210,290,-1.55387
215,290,-1.82292
220,290,-2.09569
225,290,-2.38457
230,290,-2.70235
235,290,-3.0611
240,290,-3.47102
245,290,-3.93914
250,290,-4.46724
255,290,-5.04851
260,290,-5.66248
265,290,-6.26861
270,290,-6.80151
275,290,-7.17551
280,290,-7.30796
285,290,-7.15701
290,290,-6.74479
295,290,-6.14242
300,290,-5.43293
305,290,-4.68394
310,290,-3.93989
315,290,-3.22567
320,290,-2.55305
325,290,-1.92618
330,290,-1.34532
335,290,-0.809323
340,290,-0.317108
345,290,0.131567
350,290,0.535818
355,290,0.893739
360,290,1.20274
0,295,0.959713
5,295,1.23518
10,295,1.45887
15,295,1.62925
20,295,1.74578
25,295,1.809
30,295,1.82066
35,295,1.7836
40,295,1.70178
45,295,1.58019
50,295,1.42508
55,295,1.24427
60,295,1.04757
65,295,0.847217
70,295,0.657878
75,295,0.49588
80,295,0.377422
85,295,0.315885
90,295,0.318931
95,295,0.3865
100,295,0.51061
105,295,0.677032
110,295,0.86808
115,295,1.06541
120,295,1.2521
125,295,1.41375
130,295,1.53884
135,295,1.61864
140,295,1.64694
145,295,1.61988
150,295,1.53579
155,295,1.39519
160,295,1.20086
165,295,0.957828
170,295,0.673342
175,295,0.356686
180,295,0.0187333
185,295,-0.328813
190,295,-0.674539
195,295,-1.00874
200,295,-1.32493
205,295,-1.62099
210,295,-1.89964
215,295,-2.16805
220,295,-2.43664
225,295,-2.71762
230,295,-3.02348
235,295,-3.36575
240,295,-3.75386
245,295,-4.19382
250,295,-4.68636
255,295,-5.22404
260,295,-5.78717
265,295,-6.33892
270,295,-6.82232
275,295,-7.16475
280,295,-7.29615
285,295,-7.17773
290,295,-6.82133
295,295,-6.28151
300,295,-5.62827
305,295,-4.92332
310,295,-4.21048
315,295,-3.51639
320,295,-2.85516
325,295,-2.23298
330,295,-1.65174
335,295,-1.11146
340,295,-0.611889
345,295,-0.153373
350,295,0.262855
355,295,0.634734
360,295,0.959713
0,300,0.710729
5,300,0.997511
10,300,1.23587
15,300,1.42452
20,300,1.56308
25,300,1.65226
30,300,1.69382
35,300,1.69059
40,300,1.64641
45,300,1.56615
50,300,1.45575
55,300,1.32248
60,300,1.1751
65,300,1.02399
70,300,0.881034
75,300,0.758843
80,300,0.66946
85,300,0.622522
90,300,0.623415
95,300,0.672018
100,300,0.762555
105,300,0.88459
110,300,1.02478
115,300,1.16876
120,300,1.30271
125,300,1.41431
130,300,1.49328
135,300,1.53146
140,300,1.52287
145,300,1.46359
150,300,1.35181
155,300,1.18778
160,300,0.973939
165,300,0.714903
170,300,0.417463
175,300,0.0904076
180,300,-0.255865
185,300,-0.610052
190,300,-0.961024
195,300,-1.29921
200,300,-1.61804
205,300,-1.91517
210,300,-2.19286
215,300,-2.45771
220,300,-2.71941
225,300,-2.98934
230,300,-3.279
235,300,-3.59874
240,300,-3.95655
245,300,-4.35683
250,300,-4.79878
255,300,-5.2741
260,300,-5.76408
265,300,-6.2366
270,300,-6.6451
275,300,-6.93303
280,300,-7.04695
285,300,-6.95541
290,300,-6.66239
295,300,-6.20431
300,300,-5.63352
305,300,-5.00088
310,300,-4.34617
315,300,-3.69625
320,300,-3.06719
325,300,-2.46755
330,300,-1.90134
335,300,-1.37031
340,300,-0.875457
345,300,-0.417947
350,300,0.000484048
355,300,0.377561
360,300,0.710729
0,305,0.464885
5,305,0.755397
10,305,1.00166
15,305,1.20251
20,305,1.35762
25,305,1.46767
30,305,1.53431
35,305,1.56016
40,305,1.54878
45,305,1.50468
50,305,1.43333
55,305,1.34124
60,305,1.23604
65,305,1.12641
70,305,1.02185
75,305,0.932045
80,305,0.865924
85,305,0.830412
90,305,0.82927
95,305,0.862313
100,305,0.925298
105,305,1.01053
110,305,1.10793
115,305,1.20637
120,305,1.29469
125,305,1.36262
130,305,1.40125
135,305,1.4033
140,305,1.36328
145,305,1.27749
150,305,1.14416
155,305,0.963449
160,305,0.737544
165,305,0.470687
170,305,0.169153
175,305,-0.158904
180,305,-0.503816
185,305,-0.855055
190,305,-1.20223
195,305,-1.53634
200,305,-1.85113
205,305,-2.14411
210,305,-2.41703
215,305,-2.67549
220,305,-2.92796
225,305,-3.18434
230,305,-3.45455
235,305,-3.74723
240,305,-4.06858
245,305,-4.42124
250,305,-4.80297
255,305,-5.20507
260,305,-5.61059
265,305,-5.99299
270,305,-6.31656
275,305,-6.54031
280,305,-6.62663
285,305,-6.55249
290,305,-6.31747
295,305,-5.94323
300,305,-5.46493
305,305,-4.92043
310,305,-4.34256
315,305,-3.75601
320,305,-3.17745
325,305,-2.61722
330,305,-2.08139
335,305,-1.5735
340,305,-1.09597
345,305,-0.650968
350,305,-0.240789
355,305,0.132028
360,305,0.464885
0,310,0.230593
5,310,0.516942
10,310,0.763929
15,310,0.970407
20,310,1.13603
25,310,1.26133
30,310,1.34771
35,310,1.39746
40,310,1.41375
45,310,1.40057
50,310,1.36274
55,310,1.30592
60,310,1.23655
65,310,1.16173
70,310,1.08894
75,310,1.02555
80,310,0.978101
85,310,0.951536
90,310,0.948444
95,310,0.968585
100,310,1.00882
105,310,1.06346
110,310,1.12498
115,310,1.18481
120,310,1.23415
125,310,1.26467
130,310,1.2689
135,310,1.24064
140,310,1.17507
145,310,1.06897
150,310,0.920774
155,310,0.730659
160,310,0.500647
165,310,0.234608
170,310,-0.061763
175,310,-0.381108
180,310,-0.714753
185,310,-1.05331
190,310,-1.38753
195,310,-1.70941
200,310,-2.0133
205,310,-2.29675
210,310,-2.56088
215,310,-2.81004
220,310,-3.05104
225,310,-3.29185
230,310,-3.54038
235,310,-3.80326
240,310,-4.08486
245,310,-4.38624
250,310,-4.7043
255,310,-5.03072
260,310,-5.35118
265,310,-5.64507
270,310,-5.88655
275,310,-6.04758
280,310,-6.1032
285,310,-6.03769
290,310,-5.84893
295,310,-5.54873
300,310,-5.1588
305,310,-4.70494
310,310,-4.21182
315,310,-3.70001
320,310,-3.18502
325,310,-2.67776
330,310,-2.18561
335,310,-1.71358
340,310,-1.26535
345,310,-0.843986
350,310,-0.452367
355,310,-0.0932898
360,310,0.230593
0,315,0.0144606
5,315,0.288995
10,315,0.52956
15,315,0.734995
20,315,0.904858
25,315,1.03947
30,315,1.13994
35,315,1.20817
40,315,1.24678
45,315,1.25918
50,315,1.24943
55,315,1.22224
60,315,1.18288
65,315,1.13698
70,315,1.0903
75,315,1.04833
80,315,1.0158
85,315,0.996188
90,315,0.991229
95,315,1.00066
100,315,1.02216
105,315,1.05156
110,315,1.0833
115,315,1.11094
120,315,1.12772
125,315,1.12709
130,315,1.10308
135,315,1.05063
140,315,0.965781
145,315,0.845902
150,315,0.689767
155,315,0.497673
160,315,0.271499
165,315,0.014725
170,315,-0.267623
175,315,-0.569144
180,315,-0.882384
185,315,-1.19936
190,315,-1.51229
195,315,-1.81444
200,315,-2.10096
205,315,-2.36955
210,315,-2.62067
215,315,-2.85735
220,315,-3.08449
225,315,-3.30791
230,315,-3.53333
235,315,-3.76537
240,315,-4.00672
245,315,-4.25732
250,315,-4.51383
255,315,-4.76907
260,315,-5.01179
265,315,-5.22699
270,315,-5.39695
275,315,-5.50335
280,315,-5.53034
285,315,-5.46771
290,315,-5.31317
295,315,-5.07277
300,315,-4.7592
305,315,-4.38886
310,315,-3.97888
315,315,-3.54491
320,315,-3.10001
325,315,-2.65435
330,315,-2.2156
335,315,-1.78953
340,315,-1.38064
345,315,-0.992649
350,315,-0.628858
355,315,-0.292257
360,315,0.0144606
0,320,-0.179474
5,320,0.0763827
10,320,0.303909
15,320,0.501929
20,320,0.66989
25,320,0.807898
30,320,0.916731
35,320,0.997838
40,320,1.05331
45,320,1.08586
50,320,1.09875
55,320,1.09571
60,320,1.08085
65,320,1.05849
70,320,1.0329
75,320,1.00805
80,320,0.987294
85,320,0.973005
90,320,0.966325
95,320,0.966989
100,320,0.973306
105,320,0.982291
110,320,0.989932
115,320,0.991536
120,320,0.982111
125,320,0.956732
130,320,0.910857
135,320,0.840603
140,320,0.742954
145,320,0.61593
150,320,0.458714
155,320,0.271742
160,320,0.0567515
165,320,-0.183218
170,320,-0.443901
175,320,-0.719974
180,320,-1.00535
185,320,-1.29359
190,320,-1.57849
195,320,-1.85467
200,320,-2.11817
205,320,-2.36689
210,320,-2.60072
215,320,-2.82137
220,320,-3.0319
225,320,-3.23605
230,320,-3.43745
235,320,-3.6389
240,320,-3.8417
245,320,-4.04517
250,320,-4.24623
255,320,-4.43922
260,320,-4.61596
265,320,-4.76616
270,320,-4.87829
275,320,-4.94089
280,320,-4.94426
285,320,-4.88205
290,320,-4.75247
295,320,-4.55851
300,320,-4.30735
305,320,-4.00894
310,320,-3.6745
315,320,-3.31509
320,320,-2.94077
325,320,-2.56011
330,320,-2.18016
335,320,-1.80666
340,320,-1.44435
345,320,-1.09721
350,320,-0.76872
355,320,-0.461919
360,320,-0.179474
0,325,-0.349871
5,325,-0.118359
10,325,0.0904328
15,325,0.275337
20,325,0.43571
25,325,0.571457
30,325,0.683039
35,325,0.771463
40,325,0.838263
45,325,0.885456
50,325,0.915488
55,325,0.931148
60,325,0.935461
65,325,0.931548
70,325,0.922448
75,325,0.910923
80,325,0.899242
85,325,0.888978
90,325,0.880851
95,325,0.874628
100,325,0.869123
105,325,0.862272
110,325,0.851305
115,325,0.832959
120,325,0.803737
125,325,0.760157
130,325,0.698992
135,325,0.617489
140,325,0.513537
145,325,0.38582
150,325,0.233921
155,325,0.058395
160,325,-0.1392
165,325,-0.356321
170,325,-0.589521
175,325,-0.834604
180,325,-1.08686
185,325,-1.34139
190,325,-1.59349
195,325,-1.83908
200,325,-2.07502
205,325,-2.29944
210,325,-2.51177
215,325,-2.7126
220,325,-2.90346
225,325,-3.08628
230,325,-3.26293
235,325,-3.43475
240,325,-3.60204
245,325,-3.76383
250,325,-3.91757
255,325,-4.05917
260,325,-4.18308
265,325,-4.2827
270,325,-4.3509
275,325,-4.38086
280,325,-4.36687
285,325,-4.30523
290,325,-4.19476
295,325,-4.03698
300,325,-3.83591
305,325,-3.59745
310,325,-3.32862
315,325,-3.03685
320,325,-2.72935
325,325,-2.41275
330,325,-2.09293
335,325,-1.77501
340,325,-1.4634
345,325,-1.16194
350,325,-0.873978
355,325,-0.602447
360,325,-0.349871
0,330,-0.497568
5,330,-0.294673
10,330,-0.109183
15,330,0.0577876
20,330,0.205544
25,330,0.333827
30,330,0.442813
35,330,0.533104
40,330,0.605703
45,330,0.661977
50,330,0.703602
55,330,0.732491
60,330,0.750708
65,330,0.760355
70,330,0.763451
75,330,0.761799
80,330,0.756854
85,330,0.749605
90,330,0.740484
95,330,0.729313
100,330,0.715312
105,330,0.697145
110,330,0.673021
115,330,0.640831
120,330,0.598306
125,330,0.54319
130,330,0.473397
135,330,0.387172
140,330,0.283219
145,330,0.16081
150,330,0.0198644
155,330,-0.138997
160,330,-0.314443
165,330,-0.504457
170,330,-0.706408
175,330,-0.917179
180,330,-1.13333
185,330,-1.35134
190,330,-1.5678
195,330,-1.77974
200,330,-1.98474
205,330,-2.18116
210,330,-2.36811
215,330,-2.54541
220,330,-2.71341
225,330,-2.87272
230,330,-3.02393
235,330,-3.1673
240,330,-3.30254
245,330,-3.42858
250,330,-3.5435
255,330,-3.64454
260,330,-3.72822
265,330,-3.79054
270,330,-3.8274
275,330,-3.83497
280,330,-3.81011
285,330,-3.75082
290,330,-3.6565
295,330,-3.528
300,330,-3.36762
305,330,-3.17882
310,330,-2.96591
315,330,-2.73366
320,330,-2.48698
325,330,-2.23066
330,330,-1.96922
335,330,-1.7068
340,330,-1.44713
345,330,-1.19357
350,330,-0.949104
355,330,-0.716346
360,330,-0.497568
0,335,-0.624657
5,335,-0.4533
10,335,-0.294544
15,335,-0.149405
20,335,-0.0185831
25,335,0.0975483
30,335,0.198934
35,335,0.285827
40,335,0.358768
45,335,0.418551
50,335,0.466184
55,335,0.50283
60,335,0.529745
65,335,0.548205
70,335,0.559425
75,335,0.564481
80,335,0.564229
85,335,0.559243
90,335,0.549768
95,335,0.535694
100,335,0.516561
105,335,0.491593
110,335,0.459751
115,335,0.419818
120,335,0.370493
125,335,0.310488
130,335,0.238642
135,335,0.154009
140,335,0.0559479
145,335,-0.0558048
150,335,-0.181087
155,335,-0.319279
160,335,-0.469307
165,335,-0.62966
170,335,-0.798452
175,335,-0.973501
180,335,-1.15244
185,335,-1.33285
190,335,-1.5124
195,335,-1.68895
200,335,-1.86071
205,335,-2.02625
210,335,-2.18457
215,335,-2.33502
220,335,-2.47723
225,335,-2.61099
230,335,-2.73608
235,335,-2.85216
240,335,-2.9586
245,335,-3.05442
250,335,-3.13825
255,335,-3.20835
260,335,-3.26267
265,335,-3.299
270,335,-3.31514
275,335,-3.30913
280,335,-3.27943
285,335,-3.22509
290,335,-3.14592
295,335,-3.04253
300,335,-2.91628
305,335,-2.76923
310,335,-2.60398
315,335,-2.42352
320,335,-2.23105
325,335,-2.02984
330,335,-1.8231
335,335,-1.61391
340,335,-1.40519
345,335,-1.1996
350,335,-0.999571
355,335,-0.807289
360,335,-0.624657
0,340,-0.733604
5,340,-0.595553
10,340,-0.465979
15,340,-0.345755
20,340,-0.235535
25,340,-0.135755
30,340,-0.0466325
35,340,0.0318164
40,340,0.0997654
45,340,0.157554
50,340,0.205656
55,340,0.244647
60,340,0.275164
65,340,0.297859
70,340,0.313356
75,340,0.322208
80,340,0.324856
85,340,0.321595
90,340,0.312556
95,340,0.297693
100,340,0.276788
105,340,0.249468
110,340,0.215239
115,340,0.173527
120,340,0.123727
125,340,0.0652636
130,340,-0.00235929
135,340,-0.0794995
140,340,-0.166331
145,340,-0.262804
150,340,-0.368621
155,340,-0.48322
160,340,-0.605777
165,340,-0.735225
170,340,-0.870287
175,340,-1.00952
180,340,-1.15139
185,340,-1.2943
190,340,-1.43671
195,340,-1.57715
200,340,-1.71429
205,340,-1.84699
210,340,-1.97426
215,340,-2.0953
220,340,-2.20942
225,340,-2.31604
230,340,-2.41457
235,340,-2.50442
240,340,-2.58488
245,340,-2.65515
250,340,-2.71431
255,340,-2.7613
260,340,-2.79501
265,340,-2.81433
270,340,-2.81821
275,340,-2.80577
280,340,-2.77638
285,340,-2.72971
290,340,-2.66586
295,340,-2.58527
300,340,-2.48883
305,340,-2.37779
310,340,-2.2537
315,340,-2.1184
320,340,-1.97388
325,340,-1.82224
330,340,-1.66563
335,340,-1.50616
340,340,-1.34588
345,340,-1.18676
350,340,-1.03059
355,340,-0.879047
360,340,-0.733604
0,345,-0.826662
5,345,-0.722821
10,345,-0.624123
15,345,-0.531257
20,345,-0.444786
25,345,-0.365141
30,345,-0.292627
35,345,-0.227427
40,345,-0.169614
45,345,-0.119164
50,345,-0.0759705
55,345,-0.0398626
60,345,-0.0106287
65,345,0.0119647
70,345,0.0281511
75,345,0.0381437
80,345,0.0421185
85,345,0.0402005
90,345,0.0324549
95,345,0.0188837
100,345,-0.000571177
105,345,-0.0260193
110,345,-0.0576075
115,345,-0.0955007
120,345,-0.139859
125,345,-0.190816
130,345,-0.248447
135,345,-0.312753
140,345,-0.383637
145,345,-0.460886
150,345,-0.54416
155,345,-0.63299
160,345,-0.726778
165,345,-0.824809
170,345,-0.92626
175,345,-1.03023
180,345,-1.13576
185,345,-1.24186
190,345,-1.34755
195,345,-1.45184
200,345,-1.55383
205,345,-1.65264
210,345,-1.74746
215,345,-1.83756
220,345,-1.92226
225,345,-2.00091
230,345,-2.0729
235,345,-2.13765
240,345,-2.19455
245,345,-2.24303
250,345,-2.28248
255,345,-2.31233
260,345,-2.33202
265,345,-2.34105
270,345,-2.33899
275,345,-2.32553
280,345,-2.3005
285,345,-2.2639
290,345,-2.21591
295,345,-2.15691
300,345,-2.08747
305,345,-2.00835
310,345,-1.92047
315,345,-1.82492
320,345,-1.72286
325,345,-1.61557
330,345,-1.50434
335,345,-1.39052
340,345,-1.27541
345,345,-1.16029
350,345,-1.04639
355,345,-0.934829
360,345,-0.826662
0,350,-0.905686
5,350,-0.836402
10,350,-0.76976
15,350,-0.706242
20,350,-0.646266
25,350,-0.590194
30,350,-0.538321
35,350,-0.490888
40,350,-0.448078
45,350,-0.410023
50,350,-0.376813
55,350,-0.348496
60,350,-0.325092
65,350,-0.306598
70,350,-0.292994
75,350,-0.28425
80,350,-0.280334
85,350,-0.281213
90,350,-0.286857
95,350,-0.297242
100,350,-0.312343
105,350,-0.332139
110,350,-0.356602
115,350,-0.385695
120,350,-0.419362
125,350,-0.457523
130,350,-0.500066
135,350,-0.546841
140,350,-0.597649
145,350,-0.652247
150,350,-0.710334
155,350,-0.77156
160,350,-0.835521
165,350,-0.901765
170,350,-0.969798
175,350,-1.03909
180,350,-1.10909
185,350,-1.17921
190,350,-1.24888
195,350,-1.3175
200,350,-1.3845
205,350,-1.44932
210,350,-1.5114
215,350,-1.57023
220,350,-1.62531
225,350,-1.67615
230,350,-1.72231
235,350,-1.76338
240,350,-1.79894
245,350,-1.82865
250,350,-1.85218
255,350,-1.86922
260,350,-1.87955
265,350,-1.88296
270,350,-1.87933
275,350,-1.86858
280,350,-1.85074
285,350,-1.82589
290,350,-1.79422
295,350,-1.75599
300,350,-1.71155
305,350,-1.66133
310,350,-1.60585
315,350,-1.54567
320,350,-1.48143
325,350,-1.4138
330,350,-1.34349
335,350,-1.27123
340,350,-1.19775
345,350,-1.12376
350,350,-1.04998
355,350,-0.977076
360,350,-0.905686
0,355,-0.972214
5,355,-0.937554
10,355,-0.903855
15,355,-0.871363
20,355,-0.840313
25,355,-0.810916
30,355,-0.783368
35,355,-0.757843
40,355,-0.734495
45,355,-0.713458
50,355,-0.694849
55,355,-0.678764
60,355,-0.665283
65,355,-0.654467
70,355,-0.646365
75,355,-0.641008
80,355,-0.638414
85,355,-0.638587
90,355,-0.64152
95,355,-0.647189
100,355,-0.655562
105,355,-0.666591
110,355,-0.680215
115,355,-0.696358
120,355,-0.714931
125,355,-0.73583
130,355,-0.758933
135,355,-0.784103
140,355,-0.811185
145,355,-0.84001
150,355,-0.87039
155,355,-0.902121
160,355,-0.934986
165,355,-0.968753
170,355,-1.00318
175,355,-1.03801
180,355,-1.07298
185,355,-1.10782
190,355,-1.14226
195,355,-1.17603
200,355,-1.20886
205,355,-1.24048
210,355,-1.27063
215,355,-1.29906
220,355,-1.32552
225,355,-1.34979
230,355,-1.37167
235,355,-1.39094
240,355,-1.40744
245,355,-1.42102
250,355,-1.43154
255,355,-1.43889
260,355,-1.443
265,355,-1.44381
270,355,-1.4413
275,355,-1.43548
280,355,-1.42638
285,355,-1.41407
290,355,-1.39866
295,355,-1.38027
300,355,-1.35906
305,355,-1.33522
310,355,-1.30896
315,355,-1.28051
320,355,-1.25013
325,355,-1.2181
330,355,-1.1847
335,355,-1.15022
340,355,-1.11496
345,355,-1.07923
350,355,-1.04334
355,355,-1.00757
360,355,-0.972214
0,360,-1.02759
5,360,-1.02759
10,360,-1.02759
15,360,-1.02759
20,360,-1.02759
25,360,-1.02759
30,360,-1.02759
35,360,-1.02759
40,360,-1.02759
45,360,-1.02759
50,360,-1.02759
55,360,-1.02759
60,360,-1.02759
65,360,-1.02759
70,360,-1.02759
75,360,-1.02759
80,360,-1.02759
85,360,-1.02759
90,360,-1.02759
95,360,-1.02759
100,360,-1.02759
105,360,-1.02759
110,360,-1.02759
115,360,-1.02759
120,360,-1.02759
125,360,-1.02759
130,360,-1.02759
135,360,-1.02759
140,360,-1.02759
145,360,-1.02759
150,360,-1.02759
155,360,-1.02759
160,360,-1.02759
165,360,-1.02759
170,360,-1.02759
175,360,-1.02759
180,360,-1.02759
185,360,-1.02759
190,360,-1.02759
195,360,-1.02759
200,360,-1.02759
205,360,-1.02759
210,360,-1.02759
215,360,-1.02759
220,360,-1.02759
225,360,-1.02759
230,360,-1.02759
235,360,-1.02759
240,360,-1.02759
245,360,-1.02759
250,360,-1.02759
255,360,-1.02759
260,360,-1.02759
265,360,-1.02759
270,360,-1.02759
275,360,-1.02759
280,360,-1.02759
285,360,-1.02759
290,360,-1.02759
295,360,-1.02759
300,360,-1.02759
305,360,-1.02759
310,360,-1.02759
315,360,-1.02759
320,360,-1.02759
325,360,-1.02759
330,360,-1.02759
335,360,-1.02759
340,360,-1.02759
345,360,-1.02759
350,360,-1.02759
355,360,-1.02759
360,360,-1.02759
