Tempo (UTC),East (G),North (G),Down (G)
2025-06-05T20:05:30,0.022318631970466612,0.0727008206012208,0.48112699493653555
2025-06-05T20:06:24,0.017284669816141306,0.06151999486979039,0.485159291676251
2025-06-05T20:07:18,0.01179680075548307,0.051273766915354076,0.48837375999510013
2025-06-05T20:08:12,0.005933284718776276,0.041764931662305264,0.4911989324081568
2025-06-05T20:09:06,4.450764938172759e-05,0.032644406066639944,0.4939505431498887
2025-06-05T20:10:00,-0.0043093819862227885,0.023936218757539134,0.4967955179194138
2025-06-05T20:10:54,-0.004239548933647405,0.01811810949511353,0.4997365484889581
2025-06-05T20:11:48,-0.0001539208257542134,0.018658150990999718,0.5026153075430724
2025-06-05T20:12:42,0.004967596768348007,0.024942914173409193,0.5051315515717889
2025-06-05T20:13:36,0.009756760854022113,0.03501816728870652,0.5068755661590778
2025-06-05T20:14:30,0.013908063655962165,0.04775785578391713,0.5073712679286213
2025-06-05T20:15:24,0.01735127248641165,0.06258763163566121,0.5061259888768798
2025-06-05T20:16:18,0.020046098091024,0.07911845784984384,0.5026807975933811
2025-06-05T20:17:12,0.02195970844902709,0.09699624072044996,0.49665336203460286
2025-06-05T20:18:06,0.023077307112126966,0.1158644524468941,0.48776529330009805
2025-06-05T20:19:00,0.023413333337219254,0.13537329290569286,0.4758484983977057
2025-06-05T20:19:54,0.02301656954764227,0.1552018308071517,0.4608300160071271
2025-06-05T20:20:48,0.021968371958861806,0.17507439661707777,0.44270065864424124
2025-06-05T20:21:42,0.020375122332196106,0.19476153004527705,0.42147750639066234
2025-06-05T20:22:36,0.018356736813030686,0.21406350180127925,0.3971721489279756
2025-06-05T20:23:30,0.016033244452143183,0.2327810183822919,0.36977483651067744
2025-06-05T20:24:24,0.013511313359300607,0.2506820508453037,0.33925996276500603
2025-06-05T20:25:18,0.01087235332916365,0.26747492055452055,0.3056121757866242
2025-06-05T20:26:12,0.008163573534633683,0.2827958678102741,0.26886686666880977
2025-06-05T20:27:06,0.005393120908696624,0.29621530940579266,0.2291553888277592
2025-06-05T20:28:00,0.0025300843082008066,0.30726236161214,0.18674478355477944
2025-06-05T20:28:54,-0.0004903674642556048,0.3154633877609452,0.1420636923279858
2025-06-05T20:29:48,-0.003757151237041824,0.3203881809549447,0.09570948956687406
2025-06-05T20:30:42,-0.0073699661522259275,0.32169701767169434,0.04843524994547237
2025-06-05T20:31:36,-0.011424426696442544,0.3191827128827582,0.0011180507255592535
2025-06-05T20:32:30,-0.01599788783425426,0.31280321502816205,-0.04528805665058902
2025-06-05T20:33:24,-0.02113809987139634,0.30270157739409936,-0.0898101133698247
2025-06-05T20:34:18,-0.026856242519722212,0.2892110908828139,-0.13152052631699415
2025-06-05T20:35:12,-0.033124979491149016,0.2728441270146806,-0.16960218837080648
2025-06-05T20:36:06,-0.03988119873025358,0.25426421063269794,-0.20340846895563153
2025-06-05T20:37:00,-0.04703232259999303,0.2342423599762607,-0.2325116491554962
2025-06-05T20:37:54,-0.05446466813130609,0.21360084778303584,-0.2567335857660769
2025-06-05T20:38:48,-0.06205234944329292,0.19314991289494524,-0.27615371788013315
2025-06-05T20:39:42,-0.06966553963666572,0.1736249438707103,-0.2910921465137742
2025-06-05T20:40:36,-0.07717735838871939,0.15563254045414943,-0.30206914494191167
2025-06-05T20:41:30,-0.08446903628102975,0.1396131089226296,-0.3097463883295816
2025-06-05T20:42:24,-0.09143322222423243,0.12582515957666573,-0.3148584729085156
2025-06-05T20:43:18,-0.09797536041678585,0.11435266092109993,-0.31814501150493985
2025-06-05T20:44:12,-0.10401307693363858,0.10513252332031522,-0.32029315518231377
2025-06-05T20:45:06,-0.1094736089433388,0.09799562913153058,-0.32189774509641195
2025-06-05T20:46:00,-0.11428952642966496,0.09271284083087228,-0.3234419846284807
2025-06-05T20:46:54,-0.11839322455415445,0.08903781922405164,-0.32529657434482295
2025-06-05T20:47:48,-0.1217106041451941,0.0867414696165514,-0.3277309594680839
2025-06-05T20:48:42,-0.12415351349186031,0.08563806179408744,-0.3309279131852932
2025-06-05T20:49:36,-0.1256081112477444,0.08560984543243648,-0.3349929103373272
2025-06-05T20:50:30,-0.12591075870840174,0.08664467578231014,-0.33995273082113386
2025-06-05T20:51:24,-0.1247902875541266,0.08890961299293396,-0.34574275234610946
2025-06-05T20:52:18,-0.12172367070139004,0.09289155716425625,-0.3521880179549208
2025-06-05T20:53:12,-0.11556780752907933,0.09962667325302908,-0.35898759377703376
2025-06-05T20:54:06,-0.10363058231351,0.11088115291409072,-0.3657133181861853
2025-06-05T20:55:00,-0.07981359404171297,0.128113062916565,-0.37183185714256195
2025-06-05T20:55:54,-0.035612026269760705,0.14616185288036043,-0.37675323568154157
2025-06-05T20:56:48,0.020866145121073397,0.14916273547486267,-0.37990115637899735
2025-06-05T20:57:42,0.06206196341787024,0.13847728071884122,-0.3807927806700852
2025-06-05T20:58:36,0.08309128164691008,0.129591246849018,-0.3791107675507874
2025-06-05T20:59:30,0.0927521385471461,0.12677754653977844,-0.3747501008781758
2025-06-05T21:00:24,0.09691225395735639,0.128425847057244,-0.3678270023501296
2025-06-05T21:01:18,0.09823342905834159,0.13255569248672322,-0.35864665693338976
2025-06-05T21:02:12,0.09788081166530707,0.13782898973353253,-0.3476350144222556
2025-06-05T21:03:06,0.09638605934715548,0.1434999668498453,-0.3352517035121715
2025-06-05T21:04:00,0.09401507777582625,0.14924867459490548,-0.3219028139466978
2025-06-05T21:04:54,0.09092848387394493,0.15503008246441377,-0.30787330322847534
2025-06-05T21:05:48,0.08725362642741397,0.16094559975079176,-0.29329236883381976
2025-06-05T21:06:42,0.08311524426540166,0.1671378936970902,-0.2781361757168356
2025-06-05T21:07:36,0.07864504686408295,0.17371410890814212,-0.2622628036404118
2025-06-05T21:08:30,0.0739802259732051,0.18070197993013082,-0.24546693208405984
2025-06-05T21:09:24,0.06925658584171944,0.18803859664366546,-0.22753844451644353
2025-06-05T21:10:18,0.0645999014474764,0.19558563943778925,-0.2083103418595596
2025-06-05T21:11:12,0.06011796139909839,0.2031603146480152,-0.18768631743780814
2025-06-05T21:12:06,0.05589500123412019,0.21056955475282857,-0.16564531264531412
2025-06-05T21:13:00,0.05198960709580116,0.21763669098837196,-0.14222721988331086
2025-06-05T21:13:54,0.04843649724850028,0.22421409497021216,-0.11750874154765949
2025-06-05T21:14:48,0.04525180691076342,0.23018084596179456,-0.0915800784521988
2025-06-05T21:15:42,0.04244068328492482,0.23542967796565537,-0.06453138928314289
2025-06-05T21:16:36,0.04000533487831931,0.2398508549637455,-0.036453555515159296
2025-06-05T21:17:30,0.037951409986529586,0.24332132575978196,-0.007452129976968758
2025-06-05T21:18:24,0.03629087668733162,0.24570539715963782,0.022331814812218312
2025-06-05T21:19:18,0.0350404497132808,0.24686890141497456,0.052703288630781296
2025-06-05T21:20:12,0.03421585972234572,0.2467037173014543,0.08340673151119178
2025-06-05T21:21:06,0.033823521945481674,0.24515513505278674,0.11413709397067869
2025-06-05T21:22:00,0.03385201621624566,0.24224240520763443,0.14456892983211175
2025-06-05T21:22:54,0.034265921107817246,0.23806377570540435,0.17439736157122895
2025-06-05T21:23:48,0.03500386362713815,0.23278138545496363,0.20337971429499
2025-06-05T21:24:42,0.03598134970993684,0.22658752161019144,0.23136475102046164
2025-06-05T21:25:36,0.03709746131086272,0.21966013884892335,0.2582987658931678
2025-06-05T21:26:30,0.03824336449330019,0.21212006793670016,0.2842039987790947
2025-06-05T21:27:24,0.03931018879857093,0.2040032830283179,0.3091332725720865
2025-06-05T21:28:18,0.040194361056231365,0.19525825750604842,0.3331128309103443
2025-06-05T21:29:12,0.0407997120601146,0.18577151204126102,0.3560903285604156
2025-06-05T21:30:06,0.04103713850954754,0.17541593680836917,0.37790485716575817
2025-06-05T21:31:00,0.040823697270042376,0.16410905981860022,0.39829039567059504
2025-06-05T21:31:54,0.04008325567572218,0.15186465489605258,0.41691461162522025
2025-06-05T21:32:48,0.03875006334717377,0.13882234917686984,0.4334444114597869
2025-06-05T21:33:42,0.03677509735445807,0.12524593210642188,0.44762144420634403
2025-06-05T21:34:36,0.03413334117186842,0.11148995837242238,0.4593275941965299
