NORAD_ID,Tempo (UTC),East (G),North (G),Down (G)
27844U,2025-06-05T18:05:31,-0.011134894481902385,0.17649780042661203,0.2839925455991119
27844U,2025-06-05T18:06:25,-0.013238629888719869,0.16688220228447756,0.30466352840904154
27844U,2025-06-05T18:07:19,-0.014897118983859384,0.15613942485633203,0.3242914308642504
27844U,2025-06-05T18:08:13,-0.016083553975999396,0.1442874175284571,0.3425965584974696
27844U,2025-06-05T18:09:07,-0.016779309893200898,0.1314061075749827,0.3592981565415025
27844U,2025-06-05T18:10:01,-0.016968700883339412,0.11764121506957297,0.37413621899415395
27844U,2025-06-05T18:10:55,-0.01663209108902831,0.10320375585039919,0.3868932937720582
27844U,2025-06-05T18:11:49,-0.01573756347446683,0.08836696749098333,0.3974135477214001
27844U,2025-06-05T18:12:43,-0.014230765250549695,0.07346542413435837,0.40561657349560076
27844U,2025-06-05T18:13:37,-0.012021815461518268,0.05890674883354417,0.4115041217137768
27844U,2025-06-05T18:14:31,-0.008969509649250902,0.045218140522558584,0.41515893829404343
27844U,2025-06-05T18:15:25,-0.0048777512273107185,0.03317313295987646,0.4167359372709112
27844U,2025-06-05T18:16:19,0.00040881433955935244,0.024058232734531483,0.41644683668922106
27844U,2025-06-05T18:17:13,0.006530606897951489,0.019916951960975975,0.4145400141977698
27844U,2025-06-05T18:18:07,0.011746651286687984,0.022583418743021583,0.4112776852746329
27844U,2025-06-05T18:19:01,0.013861024346111514,0.03093472511331963,0.4069126212256025
27844U,2025-06-05T18:19:55,0.012990804394967768,0.041550862381882485,0.4016665672789955
27844U,2025-06-05T18:20:49,0.010700043932041662,0.05232199096610977,0.39571232248901245
27844U,2025-06-05T18:21:43,0.00806974292837487,0.06273076194126977,0.3891610916787808
27844U,2025-06-05T18:22:37,0.00556719347571978,0.07283022032747143,0.3820561905799771
27844U,2025-06-05T18:23:31,0.003365095004164136,0.08278815414361688,0.37437348393363995
27844U,2025-06-05T18:24:25,0.0015134739693840869,0.09276588942465946,0.36602813148090096
27844U,2025-06-05T18:25:19,4.897620481793884e-06,0.10288661729901905,0.356886443193257
27844U,2025-06-05T18:26:13,-0.0012004642524631776,0.11322478299973866,0.3467810693802479
27844U,2025-06-05T18:27:07,-0.0021624268598252113,0.12380232284616473,0.33552751562567495
27844U,2025-06-05T18:28:01,-0.002952117372631527,0.13458884487444048,0.3229401403992911
27844U,2025-06-05T18:28:55,-0.003644716351938106,0.14550456270874576,0.3088463210395706
27844U,2025-06-05T18:29:49,-0.004313357044165611,0.15642485411670667,0.2930982190611525
27844U,2025-06-05T18:30:43,-0.005024397472157227,0.16718539859547435,0.2755823374761391
27844U,2025-06-05T18:31:37,-0.0058342075945839456,0.17758722528736162,0.2562276378987832
27844U,2025-06-05T18:32:31,-0.0067873999539253905,0.1874016010154452,0.23501322038815925
27844U,2025-06-05T18:33:25,-0.007916239911075663,0.19637533713265978,0.21197639497035142
27844U,2025-06-05T18:34:19,-0.009240859479823843,0.2042376053740384,0.18722141653331678
27844U,2025-06-05T18:35:13,-0.01076987534921752,0.21070956526530502,0.16092832863814877
27844U,2025-06-05T18:36:07,-0.012501063042723052,0.215517911952264,0.13336045034282012
27844U,2025-06-05T18:37:01,-0.01442184529753245,0.2184128224304978,0.10486827011733722
27844U,2025-06-05T18:37:55,-0.016509494569399367,0.219189770652596,0.07588711783109546
27844U,2025-06-05T18:38:49,-0.018731108708958878,0.217713457872089,0.0469261699556529
27844U,2025-06-05T18:39:43,-0.02104357376466946,0.21394091511824842,0.01854721673392439
27844U,2025-06-05T18:40:37,-0.02339385075648463,0.20793998897518015,-0.008666845498014997
27844U,2025-06-05T18:41:31,-0.025719981605142692,0.19989922411725333,-0.03415184286858382
27844U,2025-06-05T18:42:25,-0.027953173228958093,0.19012582114600493,-0.057406449263563634
27844U,2025-06-05T18:43:19,-0.030021172009819432,0.1790299156061871,-0.07803492726644716
27844U,2025-06-05T18:44:13,-0.03185289210968224,0.16709570003846796,-0.09578205838927047
27844U,2025-06-05T18:45:07,-0.03338394977021422,0.1548424685863485,-0.11055436494002027
27844U,2025-06-05T18:46:01,-0.034562448191636244,0.14278091562766998,-0.12242361992904224
27844U,2025-06-05T18:46:55,-0.03535413404632041,0.13137135799972818,-0.13161164074420778
27844U,2025-06-05T18:47:49,-0.03574598028593008,0.12099052004341654,-0.1384588678265426
27844U,2025-06-05T18:48:43,-0.03574738428569381,0.11191197884573234,-0.14338242298680962
27844U,2025-06-05T18:49:37,-0.035388502538108206,0.10430256878052967,-0.14683139308764673
27844U,2025-06-05T18:50:31,-0.034715717809342475,0.09823361815948634,-0.14924739252163696
27844U,2025-06-05T18:51:25,-0.033784753418572504,0.09370269386806017,-0.15103685191555957
27844U,2025-06-05T18:52:19,-0.03265239280413252,0.09065941578371879,-0.15255831227706257
27844U,2025-06-05T18:53:13,-0.031368020953618,0.08902846562807394,-0.15412408434632202
27844U,2025-06-05T18:54:07,-0.02996620667821294,0.08872429235924761,-0.15601202066670306
27844U,2025-06-05T18:55:01,-0.028461278759046377,0.08965482180133923,-0.15848084219052455
27844U,2025-06-05T18:55:55,-0.026844363946411744,0.09171489634328803,-0.16178209439196042
27844U,2025-06-05T18:56:49,-0.02508274568155674,0.09477319445172482,-0.1661634382946218
27844U,2025-06-05T18:57:43,-0.02312077838616683,0.09865812052366794,-0.17186106454349764
27844U,2025-06-05T18:58:37,-0.020881036308204728,0.10314811853300977,-0.17908257299111924
27844U,2025-06-05T18:59:31,-0.018263905223865295,0.10797008825025586,-0.18798458651219827
27844U,2025-06-05T19:00:25,-0.015143351112952733,0.11280654989729534,-0.19865077556770697
27844U,2025-06-05T19:01:19,-0.011355987475311977,0.11730889004139607,-0.21107581315138627
27844U,2025-06-05T19:02:13,-0.0066792300887235185,0.12110961838602277,-0.22515819631964012
27844U,2025-06-05T19:03:07,-0.0007927956409600885,0.12382295956000981,-0.24070327241307315
27844U,2025-06-05T19:04:01,0.006783916298604758,0.12501270176046944,-0.2574342690489502
27844U,2025-06-05T19:04:55,0.016778281828806755,0.12408456765800235,-0.2750083041723704
27844U,2025-06-05T19:05:49,0.030216109985956627,0.12001382088663153,-0.2930340670975718
27844U,2025-06-05T19:06:43,0.048108627862058044,0.11080812958912048,-0.3110889821372274
27844U,2025-06-05T19:07:37,0.06970709467979129,0.09322506225385928,-0.3287352852535117
27844U,2025-06-05T19:08:31,0.08899555414007894,0.06591124177660328,-0.3455357924749759
27844U,2025-06-05T19:09:25,0.0975140448488123,0.03651700246080299,-0.3610706001759014
27844U,2025-06-05T19:10:19,0.09563263731945834,0.01624597390816167,-0.3749553440853296
27844U,2025-06-05T19:11:13,0.08965608644693157,0.007729784509559398,-0.3868602582836392
27844U,2025-06-05T19:12:07,0.08347936278164388,0.007984548048296944,-0.39652776520942634
27844U,2025-06-05T19:13:01,0.07827061090852555,0.013826478787033808,-0.4037854036272306
27844U,2025-06-05T19:13:55,0.0741180153694299,0.023093433097163222,-0.4085510389475733
27844U,2025-06-05T19:14:49,0.07082561919381984,0.03441707707367484,-0.41082854874636787
27844U,2025-06-05T19:15:43,0.06816594252771599,0.046919812457943966,-0.41069415049137914
27844U,2025-06-05T19:16:37,0.06594517724551606,0.060029202882158336,-0.40827558487103643
27844U,2025-06-05T19:17:31,0.06401374608557464,0.0733740710349654,-0.40372782902384785
27844U,2025-06-05T19:18:25,0.062262392513472646,0.08672193389925413,-0.3972094751463204
27844U,2025-06-05T19:19:19,0.06061504238666306,0.09993578662138464,-0.3888633334009327
27844U,2025-06-05T19:20:13,0.059021451891400505,0.11294053387042843,-0.3788035160295318
27844U,2025-06-05T19:21:07,0.057450500506336113,0.12569556035848972,-0.3671097352169516
27844U,2025-06-05T19:22:01,0.05588446408748858,0.1381725100112872,-0.35382827928697336
27844U,2025-06-05T19:22:55,0.054314421480552044,0.15033810344453014,-0.33897839701168087
27844U,2025-06-05T19:23:49,0.05273678510341509,0.16214188083133071,-0.3225626214383201
27844U,2025-06-05T19:24:43,0.05115077803215625,0.17350872190349467,-0.30457968507186395
27844U,2025-06-05T19:25:37,0.04955656160316181,0.1843360808626356,-0.2850388196001303
27844U,2025-06-05T19:26:31,0.04795369674535805,0.19449601217861143,-0.26397417729403366
27844U,2025-06-05T19:27:25,0.046339709562634314,0.20384205034909395,-0.2414578263727841
27844U,2025-06-05T19:28:19,0.0447086955489766,0.21222066611450457,-0.21760942658806373
27844U,2025-06-05T19:29:13,0.04305007761087247,0.2194863261431587,-0.192600566884218
27844U,2025-06-05T19:30:07,0.04134776610926868,0.22551829738843435,-0.16665210328100208
27844U,2025-06-05T19:31:01,0.03958000774417756,0.2302365683591979,-0.14002377417197173
27844U,2025-06-05T19:31:55,0.037720140893020095,0.23361394036401167,-0.11299676643659638
27844U,2025-06-05T19:32:49,0.035738320765234956,0.23568169583063742,-0.08585142731778832
27844U,2025-06-05T19:33:43,0.03360408785174706,0.23652729324012317,-0.05884353187044187
27844U,2025-06-05T19:34:37,0.03128948565068687,0.23628405284314008,-0.03218304179244591
27848U,2025-06-05T18:05:31,0.05527518678455345,0.14264879818497386,-0.3485965158748026
27848U,2025-06-05T18:06:25,0.05370200348925031,0.1546887540879458,-0.33316731011250894
27848U,2025-06-05T18:07:19,0.052120581470969596,0.16634127501217402,-0.3161708713314226
27848U,2025-06-05T18:08:13,0.05053069829129492,0.17752111831508036,-0.2976085042491868
27848U,2025-06-05T18:09:07,0.04893247598349502,0.18811585178665324,-0.27749742318125803
27848U,2025-06-05T18:10:01,0.04732489800568387,0.19798968804974457,-0.255884833658481
27848U,2025-06-05T18:10:55,0.045704386596679816,0.2069921293187157,-0.2328599120385381
27848U,2025-06-05T18:11:49,0.04406344367494225,0.2149709177999477,-0.20856170237730773
27848U,2025-06-05T18:12:43,0.04238952845192016,0.22178799294210924,-0.1831809834427998
27848U,2025-06-05T18:13:37,0.040664446464750155,0.22733627691601463,-0.1569547341220499
27848U,2025-06-05T18:14:31,0.03886452238519789,0.23155447624906447,-0.13015296238901017
27848U,2025-06-05T18:15:25,0.03696172335242318,0.23443700645793183,-0.10305915086341808
27848U,2025-06-05T18:16:19,0.03492572527202715,0.2360367703680889,-0.07594702599097836
27848U,2025-06-05T18:17:13,0.03272672658457565,0.23645977542580127,-0.049057347598496004
27848U,2025-06-05T18:18:07,0.030338668434431067,0.2358521697046867,-0.022578616961455016
27848U,2025-06-05T18:19:01,0.02774245525376224,0.2343817925626588,0.0033650849438118225
27848U,2025-06-05T18:19:55,0.024928794691244233,0.23221736620202862,0.028717325859316894
27848U,2025-06-05T18:20:49,0.02190037005182168,0.2295087355047884,0.0534835650699359
27848U,2025-06-05T18:21:43,0.018673181795353225,0.22637106085968406,0.07771798238271851
27848U,2025-06-05T18:22:37,0.015277003969688863,0.22287478098097807,0.10150555613227974
27848U,2025-06-05T18:23:31,0.01175496757043085,0.21904184732223506,0.12494239522126974
27848U,2025-06-05T18:24:25,0.00816230169107574,0.21484757893069545,0.14811695448398224
27848U,2025-06-05T18:25:19,0.004564256846819139,0.2102267886613283,0.1710939172754232
27848U,2025-06-05T18:26:13,0.0010332407293959466,0.20508269273895555,0.19390157575322423
27848U,2025-06-05T18:27:07,-0.0023547491854367386,0.19929743358434063,0.21652281564252282
27848U,2025-06-05T18:28:01,-0.00552419365710745,0.19274356917876828,0.23888951265189995
27848U,2025-06-05T18:28:55,-0.008404252385695728,0.18529631862196644,0.2608802639408447
27848U,2025-06-05T18:29:49,-0.010932565255422872,0.1768464868859872,0.2823217206151719
27848U,2025-06-05T18:30:43,-0.013058025037995594,0.1673137644728343,0.3029940753667078
27848U,2025-06-05T18:31:37,-0.014741921355530926,0.1566596281437625,0.3226412426914764
27848U,2025-06-05T18:32:31,-0.015957033339406713,0.14489860172694574,0.3409858324109282
27848U,2025-06-05T18:33:25,-0.016684540754193587,0.1321064501398993,0.3577482279018438
27848U,2025-06-05T18:34:19,-0.016908932414011556,0.11842419947466021,0.3726681619146067
27848U,2025-06-05T18:35:13,-0.01661126588232692,0.10405783803586119,0.3855264271841322
27848U,2025-06-05T18:36:07,-0.015761001785332913,0.08927528592225258,0.39616401608843155
27848U,2025-06-05T18:37:01,-0.014306082709145932,0.07440511471629896,0.40449617184908965
27848U,2025-06-05T18:37:55,-0.012160180265413349,0.05984683131054548,0.4105195065728451
27848U,2025-06-05T18:38:49,-0.009187055702319766,0.046113639443267095,0.4143113179603752
27848U,2025-06-05T18:39:43,-0.005194799562319185,0.03395073476983982,0.41602127865843486
27848U,2025-06-05T18:40:37,-1.745433899759948e-05,0.024589755212368797,0.4158565713520262
27848U,2025-06-05T18:41:31,0.006053844157108977,0.020014464218732986,0.41406217916368576
27848U,2025-06-05T18:42:25,0.011400790965064482,0.0221507931542151,0.4108983957227784
27848U,2025-06-05T18:43:19,0.013770029270130166,0.030156868024414397,0.4066177408992004
27848U,2025-06-05T18:44:13,0.01307988698945968,0.04066364512091234,0.4014434189102247
27848U,2025-06-05T18:45:07,0.010863950238848924,0.05142060867521141,0.39555126778374683
27848U,2025-06-05T18:46:01,0.00825240267543438,0.061830250549969754,0.3890568146446327
27848U,2025-06-05T18:46:55,0.0057443184504407056,0.07192254115626709,0.3820085449494847
27848U,2025-06-05T18:47:49,0.0035262010060231126,0.08186055926303167,0.37438781654398556
27848U,2025-06-05T18:48:43,0.0016543702110257163,0.09180610718736791,0.3661150628791322
27848U,2025-06-05T18:49:37,0.00012499057936524567,0.10188483538496079,0.3570611613451938
27848U,2025-06-05T18:50:31,-0.0010992609410132499,0.11217475022985947,0.347062255109286
27848U,2025-06-05T18:51:25,-0.0020763459446590665,0.12270201991339239,0.33593605367018436
27848U,2025-06-05T18:52:19,-0.002876109051772965,0.133440823768372,0.3234977689557954
27848U,2025-06-05T18:53:13,-0.0035730037033248336,0.14431602660295934,0.3095743366016146
27848U,2025-06-05T18:54:07,-0.004239952566402133,0.15520756552988707,0.29401629347293273
27848U,2025-06-05T18:55:01,-0.004943542396909998,0.1659554996978603,0.2767074383493818
27848U,2025-06-05T18:55:55,-0.005740708748819973,0.17636501997678086,0.2575729916090813
27848U,2025-06-05T18:56:49,-0.006676859776865046,0.1862112915472616,0.23658723523279693
27848U,2025-06-05T18:57:43,-0.007785193962575426,0.19524464440835743,0.21378148001880123
27848U,2025-06-05T18:58:37,-0.009086848072446183,0.20319715014898584,0.1892526894446361
27848U,2025-06-05T18:59:31,-0.010591480590171279,0.2097918653901116,0.16317229375020617
27848U,2025-06-05T19:00:25,-0.01229787713213452,0.21475589536234224,0.1357938086366504
27848U,2025-06-05T19:01:19,-0.014194703335732521,0.21783768346094307,0.10745722330207312
27848U,2025-06-05T19:02:13,-0.016260354025726186,0.21882847027169378,0.07858730839667309
27848U,2025-06-05T19:03:07,-0.018463187498167007,0.21758583192356312,0.049683716496753065
27848U,2025-06-05T19:04:01,-0.02076141006322451,0.21405685654078788,0.021300966998881055
27848U,2025-06-05T19:04:55,-0.023103305750973503,0.20829712897177985,-0.005981812759153105
27848U,2025-06-05T19:05:49,-0.025428138635855104,0.20048158830619237,-0.031599686906748616
27848U,2025-06-05T19:06:43,-0.02766809229290655,0.19090386043842406,-0.05504547537157997
27848U,2025-06-05T19:07:37,-0.029751477545251294,0.17996212628844882,-0.07591260196421781
27848U,2025-06-05T19:08:31,-0.03160720313556415,0.16813177671098567,-0.09393088985945273
27848U,2025-06-05T19:09:25,-0.03317019966967426,0.15592762973174476,-0.10898934262904647
27848U,2025-06-05T19:10:19,-0.034387178257548744,0.14386077681746462,-0.12114167863069412
27848U,2025-06-05T19:11:13,-0.035221870380646024,0.13239657601196392,-0.13059325519548762
27848U,2025-06-05T19:12:07,-0.03565880895737426,0.12192044603599986,-0.13767146924026988
27848U,2025-06-05T19:13:01,-0.03570481998099535,0.11271675396273295,-0.14278496001918536
27848U,2025-06-05T19:13:55,-0.035387702493933144,0.10496343525590505,-0.14637913628173707
27848U,2025-06-05T19:14:49,-0.03475203330728756,0.09874162231141467,-0.14889607153731008
27848U,2025-06-05T19:15:43,-0.03385254840593802,0.09405631848271412,-0.1507454314582638
27848U,2025-06-05T19:16:37,-0.03274600816427531,0.09086189758825287,-0.1522901035572833
27848U,2025-06-05T19:17:31,-0.031482736625677986,0.08908556495982552,-0.15384634850599868
27848U,2025-06-05T19:18:25,-0.0300990597747698,0.08864308203252706,-0.15569461901820525
27848U,2025-06-05T19:19:19,-0.0286116339889681,0.08944370964559221,-0.1580947106727948
27848U,2025-06-05T19:20:13,-0.02701419545107937,0.09138469770089637,-0.16129830382242863
27848U,2025-06-05T19:21:07,-0.025276664281991868,0.09433874875396335,-0.16555335878196537
27848U,2025-06-05T19:22:01,-0.023345912042231232,0.09813979769464816,-0.17109776388669193
27848U,2025-06-05T19:22:55,-0.02114693567310275,0.10257262923053015,-0.1781431714633156
27848U,2025-06-05T19:23:49,-0.018582701254730362,0.10737027373455323,-0.18685299251679732
27848U,2025-06-05T19:24:43,-0.015530458201201169,0.1122202414981803,-0.19732015786356413
27848U,2025-06-05T19:25:37,-0.011831692577409778,0.11677716079985848,-0.20955008538191328
27848U,2025-06-05T19:26:31,-0.007271795215256135,0.12067569295317694,-0.2234525290712838
27848U,2025-06-05T19:27:25,-0.0015437422974157896,0.12353306553361056,-0.2388433534958109
27848U,2025-06-05T19:28:19,0.005811522460178744,0.1249221057148933,-0.2554547423396815
27848U,2025-06-05T19:29:13,0.015489790932704337,0.12427537114613765,-0.272950754648939
27848U,2025-06-05T19:30:07,0.028486953729154642,0.12063727090103962,-0.29094490346776997
27848U,2025-06-05T19:31:01,0.04586153199984581,0.11215489669405868,-0.3090174102843811
27848U,2025-06-05T19:31:55,0.06722273610537881,0.09567901374875172,-0.32673138224550385
27848U,2025-06-05T19:32:49,0.08724112390226009,0.06928914199708937,-0.34364857144892147
27848U,2025-06-05T19:33:43,0.0971576547641579,0.03951479554779173,-0.35934595437376093
27848U,2025-06-05T19:34:37,0.09613865949516837,0.01793847767553331,-0.37343387029296093
25977U,2025-06-05T18:05:31,-0.04074136314260337,0.11375925088987988,-0.13039231795155418
25977U,2025-06-05T18:06:25,-0.03939210101170916,0.1077423097342733,-0.13449121621147078
25977U,2025-06-05T18:07:19,-0.03776784608499704,0.10303909245592863,-0.13789438386188632
25977U,2025-06-05T18:08:13,-0.035911412151711,0.09962887739571444,-0.14090846779264574
25977U,2025-06-05T18:09:07,-0.0338558871950651,0.0974722774597513,-0.14380395133702012
25977U,2025-06-05T18:10:01,-0.03162067566933941,0.09652396089120871,-0.14682883754456702
25977U,2025-06-05T18:10:55,-0.02920938034939209,0.09673415870031112,-0.15022561271402524
25977U,2025-06-05T18:11:49,-0.026609508662302828,0.0980394797392922,-0.154244322268078
25977U,2025-06-05T18:12:43,-0.023793603417424054,0.10034671495937965,-0.15914606276468407
25977U,2025-06-05T18:13:37,-0.02072105445048915,0.1035153033137561,-0.1651942565842714
25977U,2025-06-05T18:14:31,-0.01733957195733769,0.10734437195184807,-0.17263480472936776
25977U,2025-06-05T18:15:25,-0.01358507655809383,0.1115686840107383,-0.1816694962453244
25977U,2025-06-05T18:16:19,-0.009378514589257566,0.11586486082824167,-0.19242894173486297
25977U,2025-06-05T18:17:13,-0.0046177139799413475,0.11986560895192616,-0.20495130746037565
25977U,2025-06-05T18:18:07,0.0008383065040450607,0.12317596983854766,-0.21917137602497996
25977U,2025-06-05T18:19:01,0.007196259877225836,0.12538168948609119,-0.23492161449859864
25977U,2025-06-05T18:19:55,0.014771351462036194,0.12603389975776527,-0.25194395530151303
25977U,2025-06-05T18:20:49,0.02404729042332258,0.12458156149617461,-0.2699088128698551
25977U,2025-06-05T18:21:43,0.0357286946632186,0.12019553084083658,-0.2884370423803939
25977U,2025-06-05T18:22:37,0.050634880506502056,0.11139825393182799,-0.307121146068136
25977U,2025-06-05T18:23:31,0.06885179841041801,0.09560602375587879,-0.32554360381770014
25977U,2025-06-05T18:24:25,0.08712376622447081,0.07015621894464727,-0.3432920148042758
25977U,2025-06-05T18:25:19,0.09746543618639064,0.03824412749847653,-0.3599720617471182
25977U,2025-06-05T18:26:13,0.0959771362204622,0.011556984638538884,-0.37521970413644
25977U,2025-06-05T18:27:07,0.08820606947276648,-0.00257476821511841,-0.38871344849990996
25977U,2025-06-05T18:28:01,0.07986545418180252,-0.005754615509370698,-0.40018639826973
25977U,2025-06-05T18:28:55,0.07299160859403489,-0.0017742390547483805,-0.40943662692616023
25977U,2025-06-05T18:29:49,0.06776171071522386,0.006571695445760327,-0.41633378156201956
25977U,2025-06-05T18:30:43,0.06385405004004516,0.017558212868297795,-0.4208199992679794
25977U,2025-06-05T18:31:37,0.06090214684849006,0.030123043723050223,-0.42290415752334315
25977U,2025-06-05T18:32:31,0.05860257124071667,0.04358841669831775,-0.42264984618718043
25977U,2025-06-05T18:33:25,0.0567263444867691,0.057510509434354956,-0.4201587757357547
25977U,2025-06-05T18:34:19,0.05510840331688501,0.07159810036355158,-0.4155522147564674
25977U,2025-06-05T18:35:13,0.0536342018378265,0.08566408957464189,-0.40895326968830403
25977U,2025-06-05T18:36:07,0.05222761226460627,0.09959216398376776,-0.4004724161522124
25977U,2025-06-05T18:37:01,0.05084074147942597,0.11331089829050495,-0.390197886659524
25977U,2025-06-05T18:37:55,0.04944561620536472,0.1267723884328751,-0.37819160498232696
25977U,2025-06-05T18:38:49,0.0480276049319537,0.13993463171708492,-0.36449056840861527
25977U,2025-06-05T18:39:43,0.04658039077474638,0.15274770014179673,-0.34911301993781724
25977U,2025-06-05T18:40:37,0.045102223249912254,0.16514403327528185,-0.33206839425658474
25977U,2025-06-05T18:41:31,0.04359311091903738,0.17703323771367996,-0.31336976176145226
25977U,2025-06-05T18:42:25,0.04205262240344016,0.18830171018882233,-0.29304724411372174
25977U,2025-06-05T18:43:19,0.04047805503787536,0.19881716615900202,-0.2711606230957707
25977U,2025-06-05T18:44:13,0.0388628835024303,0.20843770721560884,-0.24780920013702307
25977U,2025-06-05T18:45:07,0.0371955644632478,0.21702442026643637,-0.22313703460762133
25977U,2025-06-05T18:46:01,0.03545889214766914,0.2244557942373197,-0.19733212633578964
25977U,2025-06-05T18:46:55,0.03363013388603485,0.2306416717717131,-0.1706189490699844
25977U,2025-06-05T18:47:49,0.03168211236345373,0.23553424326632622,-0.14324488439674124
25977U,2025-06-05T18:48:43,0.02958526186701405,0.23913388728821305,-0.11546231715840737
25977U,2025-06-05T18:49:37,0.027310511359128525,0.2414884777315602,-0.08750913248916559
25977U,2025-06-05T18:50:31,0.024832688181400227,0.24268596958377822,-0.05959082564162275
25977U,2025-06-05T18:51:25,0.022134035059157328,0.24284137325441493,-0.031867240690177115
25977U,2025-06-05T18:52:19,0.01920741200657765,0.24208031577929506,-0.00444610939412488
25977U,2025-06-05T18:53:13,0.016058810881214212,0.24052199632133237,0.02261574002475676
25977U,2025-06-05T18:54:07,0.012708919726102821,0.23826433126179566,0.04930407697288324
25977U,2025-06-05T18:55:01,0.009193602124107875,0.23537347719616425,0.07563367513402336
25977U,2025-06-05T18:55:55,0.0055632716567472484,0.23187890166385597,0.10163199461662396
25977U,2025-06-05T18:56:49,0.0018812249103237382,0.22777402326168905,0.12732283846277576
25977U,2025-06-05T18:57:43,-0.0017789514984288032,0.2230214596892308,0.15271224089128393
25977U,2025-06-05T18:58:37,-0.005336747936859688,0.21756132719980698,0.1777780152581526
25977U,2025-06-05T18:59:31,-0.008708678193104427,0.21132092091853572,0.20246344481427303
25977U,2025-06-05T19:00:25,-0.011812569043909269,0.2042244365458259,0.22667481545957435
25977U,2025-06-05T19:01:19,-0.014571715584956358,0.19620185202768226,0.25028199166424914
25977U,2025-06-05T19:02:13,-0.016918810559508522,0.1871970565591677,0.2731213163380881
25977U,2025-06-05T19:03:07,-0.01879873737450802,0.17717514482678462,0.29500020278035616
25977U,2025-06-05T19:04:01,-0.02017011908349345,0.1661295547806981,0.3157033842205558
25977U,2025-06-05T19:04:55,-0.021005187786316867,0.15408917312468806,0.33500108539730167
25977U,2025-06-05T19:05:49,-0.021287906428287234,0.1411252709505497,0.35265955008029143
25977U,2025-06-05T19:06:43,-0.021010503141488526,0.12735770162416607,0.36845417057787994
25977U,2025-06-05T19:07:37,-0.020168775154756697,0.11295961132568816,0.38218495245364986
25977U,2025-06-05T19:08:31,-0.018756563911290755,0.0981602564000744,0.3936933175459891
25977U,2025-06-05T19:09:25,-0.01675962760615171,0.08324677458644134,0.40287848693184214
25977U,2025-06-05T19:10:19,-0.014148824804341306,0.06856857705763862,0.4097111104552873
25977U,2025-06-05T19:11:13,-0.010872741631349946,0.05455380729065045,0.4142416190472571
25977U,2025-06-05T19:12:07,-0.006853683036642491,0.04175881121792557,0.416601099677702
25977U,2025-06-05T19:13:01,-0.0020105441740589226,0.030990286694910225,0.4169933523863558
25977U,2025-06-05T19:13:55,0.003594348814685969,0.02353275409152376,0.41567807955771086
25977U,2025-06-05T19:14:49,0.009251681845164249,0.02124411940365481,0.41294665503516453
25977U,2025-06-05T19:15:43,0.01299772161229253,0.025373891581715033,0.4090933191640278
25977U,2025-06-05T19:16:37,0.013087452642115919,0.03417947861524451,0.4043856247784133
25977U,2025-06-05T19:17:31,0.010394381828622923,0.04436219442308301,0.39903826425134736
25977U,2025-06-05T19:18:25,0.006763286540450439,0.05433453002787198,0.39319392603281905
25977U,2025-06-05T19:19:19,0.0032059354104813907,0.06393264278489481,0.386913632678291
25977U,2025-06-05T19:20:13,6.207793053580902e-05,0.073360853581267,0.38017735244546397
25977U,2025-06-05T19:21:07,-0.0025967961043359277,0.08283092327241068,0.3728939241180533
25977U,2025-06-05T19:22:01,-0.004792550886557301,0.09249468268875576,0.36491788260820585
25977U,2025-06-05T19:22:55,-0.006583436595681325,0.10243709394267458,0.35606992899972495
25977U,2025-06-05T19:23:49,-0.008045073669982259,0.11267990400502922,0.3461576951426197
25977U,2025-06-05T19:24:43,-0.00926169829810246,0.12318853523663535,0.3349940568665517
25977U,2025-06-05T19:25:37,-0.010319937715447838,0.13388071997324041,0.3224113333375507
25977U,2025-06-05T19:26:31,-0.011303503988781596,0.14463552345998343,0.30827096452483294
25977U,2025-06-05T19:27:25,-0.012288805897151834,0.15530139497197612,0.29246937598683803
25977U,2025-06-05T19:28:19,-0.013341693129427273,0.16570235758558866,0.27494148814865993
25977U,2025-06-05T19:29:13,-0.014515371972311678,0.1756422065167142,0.25566358961282903
25977U,2025-06-05T19:30:07,-0.015849316723775975,0.18490737796681322,0.23465707002350278
25977U,2025-06-05T19:31:01,-0.017368871582132482,0.1932697740367116,0.21199388440378186
25977U,2025-06-05T19:31:55,-0.01908522440090142,0.2004911527468053,0.18780373661928196
25977U,2025-06-05T19:32:49,-0.020995519081088976,0.2063306425760234,0.16228198932637813
25977U,2025-06-05T19:33:43,-0.02308301662863711,0.21055649342954644,0.13569640987877346
25977U,2025-06-05T19:34:37,-0.025317368856956336,0.21296235529416163,0.10839023361080738
22825U,2025-06-05T18:05:31,-0.025092023945361565,0.2180152196649769,0.05856478270654415
22825U,2025-06-05T18:06:25,-0.027527734685853324,0.21474430182975457,0.03026736410920903
22825U,2025-06-05T18:07:19,-0.029947928444249095,0.20927236356131523,0.0030579136835183845
22825U,2025-06-05T18:08:13,-0.032280102330970395,0.20177549169170728,-0.02250479010236952
22825U,2025-06-05T18:09:07,-0.03444794072788333,0.19254871477075355,-0.045922469166538096
22825U,2025-06-05T18:10:01,-0.03637576659996336,0.1819908667048076,-0.0668011047905409
22825U,2025-06-05T18:10:55,-0.037993719517451424,0.170575627154679,-0.08488670105959645
22825U,2025-06-05T18:11:49,-0.03924314879867462,0.15881196149284557,-0.10008672204150654
22825U,2025-06-05T18:12:43,-0.040081526562386255,0.1471996472305415,-0.1124729524058515
22825U,2025-06-05T18:13:37,-0.040486107642195,0.13618702006723216,-0.12226483044877252
22825U,2025-06-05T18:14:31,-0.040455631646450545,0.12613799609540827,-0.1297961352043458
22825U,2025-06-05T18:15:25,-0.04000958826574986,0.11731368128741301,-0.13547135017349093
22825U,2025-06-05T18:16:19,-0.03918492364132288,0.10987077109635794,-0.1397201517191331
22825U,2025-06-05T18:17:13,-0.03803048955168815,0.10387519244447957,-0.14295863306980341
22825U,2025-06-05T18:18:07,-0.03659993948626455,0.09932601073637438,-0.14556392548780267
22825U,2025-06-05T18:19:01,-0.034944062946406756,0.09618245438440907,-0.1478652543473262
22825U,2025-06-05T18:19:55,-0.03310364770287948,0.09438662748764397,-0.15015010943535217
22825U,2025-06-05T18:20:49,-0.031103835396879314,0.09387619555111677,-0.15268030694776796
22825U,2025-06-05T18:21:43,-0.02895060502038809,0.0945845647805545,-0.155710369889579
22825U,2025-06-05T18:22:37,-0.026629543387491635,0.09642989576977028,-0.15950051274764152
22825U,2025-06-05T18:23:31,-0.024106530622157694,0.09929757282397297,-0.16431859180532288
22825U,2025-06-05T18:24:25,-0.021329468966172924,0.10302252309722011,-0.17042901329446786
22825U,2025-06-05T18:25:19,-0.018229768100967627,0.10737753379883687,-0.17807065136413067
22825U,2025-06-05T18:26:13,-0.014721961577621718,0.11207154014266621,-0.18742908442506404
22825U,2025-06-05T18:27:07,-0.01069947963287761,0.11675836128148635,-0.1986099725665164
22825U,2025-06-05T18:28:01,-0.006024075377318078,0.12105235917817642,-0.21161982455006212
22825U,2025-06-05T18:28:55,-0.000505487987574732,0.12454346535413742,-0.2263580830571418
22825U,2025-06-05T18:29:49,0.006133368931755703,0.12679931705003397,-0.2426212777571202
22825U,2025-06-05T18:30:43,0.014310669206459806,0.12733385418710433,-0.2601170553367335
22825U,2025-06-05T18:31:37,0.024655320286441254,0.1255026491181924,-0.2784841076978857
22825U,2025-06-05T18:32:31,0.03803199539126755,0.12024885761524437,-0.2973138020023608
22825U,2025-06-05T18:33:25,0.05522307308792227,0.10963064613185854,-0.3161704781428515
22825U,2025-06-05T18:34:19,0.07535239459721266,0.09062880283889421,-0.33460924266739717
22825U,2025-06-05T18:35:13,0.09277044694231672,0.06205584645288304,-0.35219178884772195
22825U,2025-06-05T18:36:07,0.09947072591963396,0.03133860153930976,-0.36850161307621876
22825U,2025-06-05T18:37:01,0.09581693405828173,0.009920338917739396,-0.38315971158294165
22825U,2025-06-05T18:37:55,0.08832500044253308,0.0008318395837439886,-0.3958406668573952
22825U,2025-06-05T18:38:49,0.08107258374303908,0.0010048901993949567,-0.4062875783974108
22825U,2025-06-05T18:39:43,0.07519427406298325,0.007050473543557871,-0.41432325987308444
22825U,2025-06-05T18:40:37,0.07067084449027218,0.01667860877630863,-0.4198550157340659
22825U,2025-06-05T18:41:31,0.06720703714944264,0.028461087218313984,-0.4228712321354247
22825U,2025-06-05T18:42:25,0.0645010412361221,0.04149404501052611,-0.4234296644279618
22825U,2025-06-05T18:43:19,0.06230714228535653,0.05519170316516224,-0.42163910667530313
22825U,2025-06-05T18:44:13,0.06044084187947662,0.06917297121913403,-0.41763749477104817
22825U,2025-06-05T18:45:07,0.058770231996798,0.08319546131591703,-0.41157003433330946
22825U,2025-06-05T18:46:01,0.05720522136745794,0.0971117671532454,-0.4035705937386026
22825U,2025-06-05T18:46:55,0.05568743909249381,0.11083652046953238,-0.393748602110643
22825U,2025-06-05T18:47:49,0.054181489597580706,0.12431970685889057,-0.38218244891699266
22825U,2025-06-05T18:48:43,0.05266775505409671,0.13752481729599847,-0.3689192856866212
22825U,2025-06-05T18:49:37,0.05113677234724875,0.15041156635236877,-0.3539804064212429
22825U,2025-06-05T18:50:31,0.04958504742086842,0.16292324511426334,-0.3373710390673233
22825U,2025-06-05T18:51:25,0.04801201174485899,0.17497887462888642,-0.31909325719643955
22825U,2025-06-05T18:52:19,0.046417738584028236,0.18647038473901864,-0.2991606133765548
22825U,2025-06-05T18:53:13,0.04480106402751618,0.1972650232093636,-0.27761287799410744
22825U,2025-06-05T18:54:07,0.04315789504459209,0.20721296709760736,-0.25452896776548395
22825U,2025-06-05T18:55:01,0.041479686086176186,0.2161595733744373,-0.23003593993690005
22825U,2025-06-05T18:55:55,0.039752255954202,0.22396091708419294,-0.20431204431253272
22825U,2025-06-05T18:56:49,0.03795523095534279,0.23050042466631845,-0.17758243872169138
22825U,2025-06-05T18:57:43,0.03606239933229171,0.2357038117236299,-0.15010729539014625
22825U,2025-06-05T18:58:37,0.034043145804788684,0.23954945482906279,-0.12216346657039356
22825U,2025-06-05T18:59:31,0.031864941406902304,0.2420719107095969,-0.09402229053386882
22825U,2025-06-05T19:00:25,0.029496657299021446,0.2433574832747297,-0.06592714872269434
22825U,2025-06-05T19:01:19,0.02691227582474262,0.24353230287182315,-0.03807435081986815
22825U,2025-06-05T19:02:13,0.024094592098856525,0.242744796233112,-0.01060119144421496
22825U,2025-06-05T19:03:07,0.021038355406582585,0.24114567079855906,0.016417723194075078
22825U,2025-06-05T19:04:01,0.01775258420688341,0.2388687212732133,0.04296505939639722
22825U,2025-06-05T19:04:55,0.01426182274973435,0.23601549674108277,0.06906792782267059
22825U,2025-06-05T19:05:49,0.010606284420382745,0.23264580203639296,0.0947802321415053
22825U,2025-06-05T19:06:43,0.006840917914105608,0.22877468950120453,0.1201633075665429
22825U,2025-06-05T19:07:37,0.0030334789364055374,0.22437534215821348,0.14526770915948317
22825U,2025-06-05T19:08:31,-0.0007382955851617147,0.21938638073160774,0.17011820213901813
22825U,2025-06-05T19:09:25,-0.004390297111655688,0.21372180953022035,0.194702964498614
22825U,2025-06-05T19:10:19,-0.007836272087786521,0.20728202540386767,0.21896707822245864
22825U,2025-06-05T19:11:13,-0.010992393878420296,0.19996486392101862,0.24280981092356346
22825U,2025-06-05T19:12:07,-0.01378176757433967,0.1916762794241327,0.26608506340027066
22825U,2025-06-05T19:13:01,-0.01613832414335481,0.18234069987417592,0.28860459529877597
22825U,2025-06-05T19:13:55,-0.01800950067475501,0.17191121490686276,0.31014403159347953
22825U,2025-06-05T19:14:49,-0.019357167643208294,0.1603795434507217,0.33045195111765163
22825U,2025-06-05T19:15:43,-0.02015646890202922,0.14778532075552095,0.3492623737540038
22825U,2025-06-05T19:16:37,-0.02039254707009626,0.1342238694692287,0.3663106220134374
22825U,2025-06-05T19:17:31,-0.020055439276755124,0.11985153252581689,0.3813518973422307
22825U,2025-06-05T19:18:25,-0.0191336080086755,0.10488810283920283,0.3941811489653602
22825U,2025-06-05T19:19:19,-0.017606483064909632,0.08961718329492079,0.40465213758747215
22825U,2025-06-05T19:20:13,-0.015436000496835352,0.07438798251178812,0.41269320454401354
22825U,2025-06-05T19:21:07,-0.012556845104896536,0.05962734529158334,0.41831727933748003
22825U,2025-06-05T19:22:01,-0.008867216325853085,0.04588151763528512,0.4216241354077089
22825U,2025-06-05T19:22:55,-0.004236420998620295,0.03392660111432214,0.4227937865704927
22825U,2025-06-05T19:23:49,0.0013922162263055194,0.024995732765301138,0.4220710816233411
22825U,2025-06-05T19:24:43,0.007569548370755776,0.02098483891946285,0.41974282545048014
22825U,2025-06-05T19:25:37,0.012564954236377211,0.023629679514962764,0.4161099240981743
22825U,2025-06-05T19:26:31,0.01417531834236221,0.031939179013316076,0.41145790751045136
22825U,2025-06-05T19:27:25,0.012535457250031794,0.04249046556984655,0.40602954672015334
22825U,2025-06-05T19:28:19,0.009428006572157852,0.05309244058745767,0.400003044425175
22825U,2025-06-05T19:29:13,0.0060927566458378445,0.06327585621806416,0.3934784416930746
22825U,2025-06-05T19:30:07,0.003030335096893558,0.07317133166735601,0.3864735814270145
22825U,2025-06-05T19:31:01,0.00039515895613601823,0.0829953888119748,0.3789294492755282
22825U,2025-06-05T19:31:55,-0.0017918978123903158,0.09292770393633573,0.3707232871229958
22825U,2025-06-05T19:32:49,-0.003566223803928136,0.10308762479104895,0.361686841670803
22825U,2025-06-05T19:33:43,-0.004991745272189795,0.11353118747231246,0.351626675394906
22825U,2025-06-05T19:34:37,-0.006148125040520564,0.12425401906733058,0.3403436847022844
20442U,2025-06-05T18:05:31,0.0178716895519616,0.18316661179637111,0.22647367446075314
20442U,2025-06-05T18:06:25,0.015271299314894175,0.17841916727319762,0.24560198081478962
20442U,2025-06-05T18:07:19,0.012628839552929896,0.1729994855376554,0.2648488394071151
20442U,2025-06-05T18:08:13,0.00997813197989495,0.1666811143352768,0.2840832846376462
20442U,2025-06-05T18:09:07,0.007352659219621056,0.15926954277316385,0.30308516610423963
20442U,2025-06-05T18:10:01,0.0047845498443537665,0.15062870998273337,0.3215612351827488
20442U,2025-06-05T18:10:55,0.00230508822277351,0.14070160538187954,0.33917269014882034
20442U,2025-06-05T18:11:49,-5.292597686516447e-05,0.12952080560705043,0.3555705067805872
20442U,2025-06-05T18:12:43,-0.0022507508267240743,0.11720683387956835,0.37043264473400567
20442U,2025-06-05T18:13:37,-0.00423689126513494,0.10395540659430762,0.3834963810402282
20442U,2025-06-05T18:14:31,-0.005936984453983198,0.09001841623646495,0.3945800000323553
20442U,2025-06-05T18:15:25,-0.00723784260564681,0.07568781992148647,0.4035906653693753
20442U,2025-06-05T18:16:19,-0.007959786979830555,0.061298315561574994,0.4105187363192218
20442U,2025-06-05T18:17:13,-0.007807117438464987,0.04728085248886921,0.4154219768630055
20442U,2025-06-05T18:18:07,-0.006296225506752858,0.03434063369893781,0.41840503788921996
20442U,2025-06-05T18:19:01,-0.0027743211680890485,0.023882475731629008,0.41959972113219013
20442U,2025-06-05T18:19:55,0.002956695534167745,0.0184430839223262,0.41914996025803847
20442U,2025-06-05T18:20:49,0.009291232404243772,0.02027796444752536,0.41720287283090235
20442U,2025-06-05T18:21:43,0.013820048640068222,0.02819414518191758,0.41390464739100785
20442U,2025-06-05T18:22:37,0.01605424819401726,0.038959012937369655,0.4093983509730013
20442U,2025-06-05T18:23:31,0.016751626743027048,0.05050106052604671,0.40382047508919067
20442U,2025-06-05T18:24:25,0.016594723241067023,0.062030088807459756,0.39729411535340275
20442U,2025-06-05T18:25:19,0.015986342986232763,0.0733268486920801,0.38991854705625273
20442U,2025-06-05T18:26:13,0.015159358094497838,0.08438704783801301,0.3817568352524574
20442U,2025-06-05T18:27:07,0.014258055097918502,0.09529069737241017,0.3728243158278212
20442U,2025-06-05T18:28:01,0.013375354854376846,0.1061480579811943,0.36308095439689414
20442U,2025-06-05T18:28:55,0.01256825139218776,0.1170687053134477,0.3524298031891541
20442U,2025-06-05T18:29:49,0.01186482837027802,0.12813867452815766,0.3407224297284333
20442U,2025-06-05T18:30:43,0.01126880668389314,0.13940250794131748,0.32777080541817516
20442U,2025-06-05T18:31:37,0.010763948893643422,0.1508501310846976,0.3133641444011261
20442U,2025-06-05T18:32:31,0.010318978792563712,0.16240884761951463,0.2972887683619342
20442U,2025-06-05T18:33:25,0.009892912963913425,0.17394041099082924,0.27934918340104986
20442U,2025-06-05T18:34:19,0.009440383096564762,0.18524282904436054,0.25938896197391836
20442U,2025-06-05T18:35:13,0.008916452973597213,0.19605648764711314,0.2373104559495097
20442U,2025-06-05T18:36:07,0.00828050676827568,0.20607429199801733,0.21309262747086702
20442U,2025-06-05T18:37:01,0.00749894872515803,0.214955675972199,0.1868063001884112
20442U,2025-06-05T18:37:55,0.00654666307500532,0.22234438304697468,0.15862594906695401
20442U,2025-06-05T18:38:49,0.005407392661693494,0.22788979725134714,0.12883687449220474
20442U,2025-06-05T18:39:43,0.004073360811838882,0.23127128244368067,0.09783637286505571
20442U,2025-06-05T18:40:37,0.0025445447406351224,0.23222449957829608,0.06612743294474795
20442U,2025-06-05T18:41:31,0.0008279865620973273,0.2305680655200673,0.034303647412260885
20442U,2025-06-05T18:42:25,-0.0010625999660498467,0.2262282687157373,0.0030245122538222007
20442U,2025-06-05T18:43:19,-0.0031068738200533768,0.219258982519209,-0.027018846975410012
20442U,2025-06-05T18:44:13,-0.005277737303652553,0.20985358617617705,-0.05514622489009551
20442U,2025-06-05T18:45:07,-0.007541392176900159,0.19834582631623704,-0.08073631038486777
20442U,2025-06-05T18:46:01,-0.009858018027298623,0.18519732230941163,-0.10327562234657883
20442U,2025-06-05T18:46:55,-0.012183441151004564,0.1709709261371155,-0.12240265794116739
20442U,2025-06-05T18:47:49,-0.014471947696499425,0.1562912859897617,-0.1379409943338202
20442U,2025-06-05T18:48:43,-0.01668007785758672,0.14179638666674918,-0.14991573684431073
20442U,2025-06-05T18:49:37,-0.018770898425710572,0.1280859984759241,-0.15854968068288047
20442U,2025-06-05T18:50:31,-0.020717985822227843,0.11567423285146683,-0.16423865687779732
20442U,2025-06-05T18:51:25,-0.0225082477012519,0.10495326775350634,-0.1675091912493787
20442U,2025-06-05T18:52:19,-0.024142818502793078,0.09617357471695083,-0.16896496478618087
20442U,2025-06-05T18:53:13,-0.025635577728054915,0.08944289950020669,-0.1692307167112657
20442U,2025-06-05T18:54:07,-0.027009294483972743,0.0847425019667455,-0.16890250107036545
20442U,2025-06-05T18:55:01,-0.028289886826249493,0.08195570485252257,-0.1685113985635476
20442U,2025-06-05T18:55:55,-0.029499669686769984,0.0809015881961462,-0.1685043020343255
20442U,2025-06-05T18:56:49,-0.030650637095586082,0.08136633493900178,-0.16924116557911445
20442U,2025-06-05T18:57:43,-0.03173871770004934,0.08312637560483871,-0.1710043232097069
20442U,2025-06-05T18:58:37,-0.032739558404949166,0.08596058062180892,-0.17401321730663852
20442U,2025-06-05T18:59:31,-0.033605793260973064,0.0896523325066147,-0.178437727573061
20442U,2025-06-05T19:00:25,-0.034265032655211365,0.09398524758799971,-0.18440512769197379
20442U,2025-06-05T19:01:19,-0.03461712649256981,0.09873781803371437,-0.19199914372443289
20442U,2025-06-05T19:02:13,-0.034528260665946504,0.10368155609094667,-0.2012520110695022
20442U,2025-06-05T19:03:07,-0.03381879217446922,0.10858543731070647,-0.2121342009571154
20442U,2025-06-05T19:04:01,-0.032239661963661,0.1132257008338043,-0.22454567136016446
20442U,2025-06-05T19:04:55,-0.029429239301412325,0.11739566660909584,-0.23831233833471907
20442U,2025-06-05T19:05:49,-0.0248367424937554,0.12090191251994722,-0.2531890651746044
20442U,2025-06-05T19:06:43,-0.017592545849141633,0.12351225118415317,-0.26886832184619436
20442U,2025-06-05T19:07:37,-0.006324144992491348,0.1247629252105759,-0.28499231264094854
20442U,2025-06-05T19:08:31,0.010902096255295533,0.12341117263906883,-0.3011663127251725
20442U,2025-06-05T19:09:25,0.03551493272855284,0.11642863470288274,-0.31697202731760654
20442U,2025-06-05T19:10:19,0.06421234244197928,0.09969432596424217,-0.33198129360312256
20442U,2025-06-05T19:11:13,0.08653308207895888,0.07535798338064602,-0.34577149631940557
20442U,2025-06-05T19:12:07,0.09644839173174533,0.054155586967340325,-0.3579440051269546
20442U,2025-06-05T19:13:01,0.09789219587495004,0.042434630110658414,-0.3681456542905354
20442U,2025-06-05T19:13:55,0.09579623928264286,0.03937616303245028,-0.37609127491343064
20442U,2025-06-05T19:14:49,0.09259386291251238,0.04234323587730297,-0.3815834575761082
20442U,2025-06-05T19:15:43,0.089194142745776,0.04917930626420961,-0.3845249690611896
20442U,2025-06-05T19:16:37,0.08590062523356894,0.05840492091275691,-0.38492006729393907
20442U,2025-06-05T19:17:31,0.08280168623396979,0.06902628009340316,-0.38286321764982667
20442U,2025-06-05T19:18:25,0.07991085644087197,0.08037536819505735,-0.3785166886995755
20442U,2025-06-05T19:19:19,0.07721515201652855,0.09201110411981174,-0.3720811824601918
20442U,2025-06-05T19:20:13,0.0746916656215683,0.10365621552038883,-0.36376513969638846
20442U,2025-06-05T19:21:07,0.07231360864083904,0.11515090595725636,-0.35375822887491665
20442U,2025-06-05T19:22:01,0.07005305186852714,0.12641460068888233,-0.3422129592125914
20442U,2025-06-05T19:22:55,0.06788270831696115,0.13741325845342253,-0.32923602624317255
20442U,2025-06-05T19:23:49,0.06577740706296178,0.14813233751931104,-0.3148887596930605
20442U,2025-06-05T19:24:43,0.06371536747413586,0.15855589447917626,-0.2991945855792232
20442U,2025-06-05T19:25:37,0.06167924642960835,0.16865174537254723,-0.2821510041330277
20442U,2025-06-05T19:26:31,0.059656910384857216,0.1783620632050855,-0.2637440186805523
20442U,2025-06-05T19:27:25,0.05764187675881229,0.18759870042751997,-0.24396370825374258
20442U,2025-06-05T19:28:19,0.055633353979717116,0.19624291482753176,-0.22282015823925994
20442U,2025-06-05T19:29:13,0.05363580019249784,0.2041497029723548,-0.2003589157958852
20442U,2025-06-05T19:30:07,0.05165793820074098,0.2111571573610374,-0.17667455850724598
20442U,2025-06-05T19:31:01,0.04971122053532778,0.21710085495612516,-0.15192023121432216
20442U,2025-06-05T19:31:55,0.04780782868114037,0.2218322593855554,-0.12631064117910137
20442U,2025-06-05T19:32:49,0.045958393844035876,0.22523880914525105,-0.10011642433739923
20442U,2025-06-05T19:33:43,0.044169714392171155,0.2272622980423512,-0.0736491116227936
20442U,2025-06-05T19:34:37,0.04244279041859874,0.22791183412824642,-0.047237855492667055
20441U,2025-06-05T18:05:31,-0.017122672127584043,0.13879198188448544,-0.15206427950052426
20441U,2025-06-05T18:06:25,-0.019187025890860365,0.12531664193526734,-0.16003148442134338
20441U,2025-06-05T18:07:19,-0.021104034073021794,0.11323528494394734,-0.16515598051706742
20441U,2025-06-05T18:08:13,-0.02286357358320916,0.10291110812494964,-0.16798570874258928
20441U,2025-06-05T18:09:07,-0.024469627629545326,0.09456371715214992,-0.169133774542583
20441U,2025-06-05T18:10:01,-0.02593828677605122,0.08827202813457168,-0.1692229431457032
20441U,2025-06-05T18:10:55,-0.027293440119496325,0.08399365349215429,-0.16883822038788332
20441U,2025-06-05T18:11:49,-0.028560739129665634,0.08159521422713864,-0.16849400428659048
20441U,2025-06-05T18:12:43,-0.029760765348773793,0.08088616716600038,-0.16861855525321695
20441U,2025-06-05T18:13:37,-0.030902449530762866,0.0816488365330533,-0.1695542915875803
20441U,2025-06-05T18:14:31,-0.03197762169163882,0.08365935620441639,-0.17156887185383893
20441U,2025-06-05T18:15:25,-0.03295713449207732,0.08669752900741316,-0.17487017856617976
20441U,2025-06-05T18:16:19,-0.033788370854416404,0.0905471544739228,-0.17961863169886685
20441U,2025-06-05T18:17:13,-0.03439322033646635,0.09499106462191678,-0.18593249552581315
20441U,2025-06-05T18:18:07,-0.03466485635370762,0.09980614238560544,-0.19388513548002292
20441U,2025-06-05T18:19:01,-0.03446083185847534,0.10476273607248478,-0.20349635780170466
20441U,2025-06-05T18:19:55,-0.033588902001986366,0.1096304245334342,-0.21472196444538963
20441U,2025-06-05T18:20:49,-0.03178003971236724,0.11418848883833989,-0.22744592042623646
20441U,2025-06-05T18:21:43,-0.02863942811270176,0.11823437017682417,-0.241478190562537
20441U,2025-06-05T18:22:37,-0.023560090072271847,0.12157353165675057,-0.25655908956452106
20441U,2025-06-05T18:23:31,-0.015579528771464632,0.12394796101389792,-0.2723689102586997
20441U,2025-06-05T18:24:25,-0.003194218138563941,0.12478948747265814,-0.2885404978243686
20441U,2025-06-05T18:25:19,0.015588344224261844,0.12255959330061693,-0.3046726592511813
20441U,2025-06-05T18:26:13,0.04165418193647031,0.11376816081849578,-0.3203435372422953
20441U,2025-06-05T18:27:07,0.06997573332343142,0.09481010544373097,-0.3351245623453083
20441U,2025-06-05T18:28:01,0.08970054056145732,0.07019267539541689,-0.348596450172484
20441U,2025-06-05T18:28:55,0.09728689614691233,0.0508374294994816,-0.3603683709180849
20441U,2025-06-05T18:29:49,0.09764109511530955,0.04119641242668204,-0.37009991158919814
20441U,2025-06-05T18:30:43,0.0951757173266769,0.03966259961448553,-0.3775233935042756
20441U,2025-06-05T18:31:37,0.09188555667720466,0.04362437465356734,-0.3824624381018886
20441U,2025-06-05T18:32:31,0.08849390840512796,0.051082943865365646,-0.3848422381817445
20441U,2025-06-05T18:33:25,0.08523760268254779,0.06068110074978464,-0.3846881601658884
20441U,2025-06-05T18:34:19,0.0821820459858324,0.07150668612086734,-0.38211179825283415
20441U,2025-06-05T18:35:13,0.07933287967515638,0.08294754057584591,-0.37728660423464666
20441U,2025-06-05T18:36:07,0.0766743289306797,0.09460260464134425,-0.37041770207964547
20441U,2025-06-05T18:37:01,0.07418244561537017,0.10622363393419786,-0.3617116467401526
20441U,2025-06-05T18:37:55,0.07183008881428747,0.11767105805331798,-0.35135140489612726
20441U,2025-06-05T18:38:49,0.06958936195283635,0.12887699022193025,-0.33948002856054615
20441U,2025-06-05T18:39:43,0.06743331636780878,0.13981370459086734,-0.3261941050212253
20441U,2025-06-05T18:40:37,0.06533739313521443,0.15046789623995316,-0.3115459489288522
20441U,2025-06-05T18:41:31,0.06328066268260299,0.16082112387578001,-0.29555226630067377
20441U,2025-06-05T18:42:25,0.06124682549399478,0.17083621858419812,-0.27820682646292333
20441U,2025-06-05T18:43:19,0.059224924348217786,0.18044896499156876,-0.25949523392908713
20441U,2025-06-05T18:44:13,0.05720970971015876,0.18956439429935673,-0.23941064307504267
20441U,2025-06-05T18:45:07,0.05520158441961237,0.19805748590322428,-0.21796967289961572
20441U,2025-06-05T18:46:01,0.05320604878151286,0.2057785691179841,-0.195227598768888
20441U,2025-06-05T18:46:55,0.051232592750845136,0.21256381009263642,-0.17129124449695807
20441U,2025-06-05T18:47:49,0.04929304666371135,0.21825061256738043,-0.14632729996316574
20441U,2025-06-05T18:48:43,0.04739949720306125,0.2226966347168802,-0.12056356984389845
20441U,2025-06-05T18:49:37,0.0455619778159947,0.22579981943141808,-0.09428128232784054
20441U,2025-06-05T18:50:31,0.0437862233457177,0.22751589548134357,-0.06779807493069967
20441U,2025-06-05T18:51:25,0.04207181207479239,0.2278696975554907,-0.04144327110069645
20441U,2025-06-05T18:52:19,0.04041099187767909,0.22695755931939665,-0.015528955745312854
20441U,2025-06-05T18:53:13,0.0387884037143376,0.22493976973949023,0.00967848073084771
20441U,2025-06-05T18:54:07,0.03718179212765743,0.22202415069531317,0.03398163658426358
20441U,2025-06-05T18:55:01,0.035563653527931956,0.21844358590722446,0.057266670878854925
20441U,2025-06-05T18:55:55,0.033903644098853956,0.21443128614192164,0.0795075070260652
20441U,2025-06-05T18:56:49,0.0321714695742657,0.2101974921352135,0.10076008853460783
20441U,2025-06-05T18:57:43,0.030339919497610095,0.20591034872642153,0.12114869272477138
20441U,2025-06-05T18:58:37,0.02838769124919112,0.2016822881509581,0.14084700658789623
20441U,2025-06-05T18:59:31,0.026301671511087272,0.1975620049185196,0.16005645478095842
20441U,2025-06-05T19:00:25,0.024078394260521302,0.19353142728342324,0.17898347963600364
20441U,2025-06-05T19:01:19,0.02172452997931824,0.18950718368983818,0.19781670794694858
20441U,2025-06-05T19:02:13,0.019256265828076987,0.185346484300045,0.21670449917384735
20441U,2025-06-05T19:03:07,0.016697758103535416,0.1808581410286105,0.23573395713170062
20441U,2025-06-05T19:04:01,0.014078850733127054,0.1758193025835988,0.25491322730606336
20441U,2025-06-05T19:04:55,0.011432482800740043,0.16999790771632736,0.2741599731112055
20441U,2025-06-05T19:05:49,0.008792301457208227,0.16317936283752182,0.2932992244176315
20441U,2025-06-05T19:06:43,0.006191043423389078,0.1551942434324772,0.31207302479338217
20441U,2025-06-05T19:07:37,0.0036602053597935415,0.1459425438644995,0.33016234643878617
20441U,2025-06-05T19:08:31,0.0012314040294133665,0.13540983433751203,0.34721902859256076
20441U,2025-06-05T19:09:25,-0.0010603111801146246,0.12367198347946357,0.36290285087613416
20441U,2025-06-05T19:10:19,-0.003170964080975559,0.11088776228057647,0.37691720696576336
20441U,2025-06-05T19:11:13,-0.005039450696444289,0.09728217762161234,0.38903686944605576
20441U,2025-06-05T19:12:07,-0.006575091555271616,0.08312736326944085,0.3991231647859646
20441U,2025-06-05T19:13:01,-0.0076370305527037425,0.06873288018783147,0.40712500833980575
20441U,2025-06-05T19:13:55,-0.007997380207250025,0.05446714193609798,0.4130677086262416
20441U,2025-06-05T19:14:49,-0.007278337286725638,0.040857740293668204,0.4170341365632404
20441U,2025-06-05T19:15:43,-0.004892733489191128,0.028874812934409137,0.4191439458597373
20441U,2025-06-05T19:16:37,-0.00025882770482870754,0.020460247613795318,0.4195357814485403
20441U,2025-06-05T19:17:31,0.006084419031745754,0.018399226419449948,0.41835523435159755
20441U,2025-06-05T19:18:25,0.011764230561223957,0.02352975599393048,0.41574858143714505
20441U,2025-06-05T19:19:19,0.015136830426773521,0.033173620989249766,0.4118600980013712
20441U,2025-06-05T19:20:13,0.016540583130516064,0.04446698231903519,0.40682970082889397
20441U,2025-06-05T19:21:07,0.016773558147843922,0.05605194139622093,0.4007881017673608
20441U,2025-06-05T19:22:01,0.016372506225923962,0.06747969832117803,0.39384820192891445
20441U,2025-06-05T19:22:55,0.015644398883099184,0.07865867057372602,0.3860934313009426
20441U,2025-06-05T19:23:49,0.014772731729357884,0.08963375255995538,0.3775653631371945
20441U,2025-06-05T19:24:43,0.013874505681252286,0.10050361703299014,0.36825365960365486
20441U,2025-06-05T19:25:37,0.013024552209379828,0.11138108343297991,0.35809108757984914
20441U,2025-06-05T19:26:31,0.012265770692089728,0.12236685157907498,0.3469552284517889
20441U,2025-06-05T19:27:25,0.011614459125961287,0.13352905994494624,0.3346770776093314
20441U,2025-06-05T19:28:19,0.011064594898637663,0.14488755275905976,0.3210554874423643
20441U,2025-06-05T19:29:13,0.010592432112872429,0.1564031297581673,0.3058756783197449
20441U,2025-06-05T19:30:07,0.010161636016214485,0.16797194253481904,0.2889298949582487
20441U,2025-06-05T19:31:01,0.009728661190289497,0.17942483572816095,0.2700385671264806
20441U,2025-06-05T19:31:55,0.009247892870775447,0.1905312339870835,0.249070779757148
20441U,2025-06-05T19:32:49,0.00867607334458423,0.2010072046435713,0.22596322230588622
20441U,2025-06-05T19:33:43,0.007975656324546066,0.21052747233150057,0.20073693065692966
20441U,2025-06-05T19:34:37,0.007116922480509568,0.21874127610837854,0.17351104534810707
16609U,2025-06-05T18:05:31,-0.048746430777622675,0.10735307895379673,-0.23121547141000684
16609U,2025-06-05T18:06:25,-0.04686414568296821,0.11097236272805493,-0.24366001684656952
16609U,2025-06-05T18:07:19,-0.04326232715332859,0.11440681887447983,-0.25692392419668336
16609U,2025-06-05T18:08:13,-0.03704551355035581,0.11766749226802621,-0.27071297053346655
16609U,2025-06-05T18:09:07,-0.026720820165136803,0.1206443383220113,-0.28468989371843056
16609U,2025-06-05T18:10:01,-0.010014718432642447,0.12255241454130202,-0.2984903282598408
16609U,2025-06-05T18:10:55,0.015216072628707092,0.1206828585412002,-0.3117393081796687
16609U,2025-06-05T18:11:49,0.04652887895664112,0.11036490629421995,-0.32406686022079545
16609U,2025-06-05T18:12:43,0.0734300716521382,0.09186505873195022,-0.33512241760448735
16609U,2025-06-05T18:13:37,0.08848305675858244,0.07415375382397496,-0.3445885660311301
16609U,2025-06-05T18:14:31,0.09420793888365996,0.06356170449910581,-0.3521945727025521
16609U,2025-06-05T18:15:25,0.09514002540505961,0.06014376757190031,-0.35772929656656083
16609U,2025-06-05T18:16:19,0.09388996545200433,0.061960319660327376,-0.3610519150068824
16609U,2025-06-05T18:17:13,0.09163680765452376,0.06725173217228178,-0.36209809966457196
16609U,2025-06-05T18:18:07,0.08890774060353152,0.07476108169311847,-0.3608793648619783
16609U,2025-06-05T18:19:01,0.08596090280764976,0.0836273061409841,-0.3574744317027781
16609U,2025-06-05T18:19:55,0.08294033951461305,0.0932626217384139,-0.35201326537205485
16609U,2025-06-05T18:20:49,0.07993563907396237,0.10326937148838261,-0.3446562936473217
16609U,2025-06-05T18:21:43,0.07700448307019145,0.11338546468759737,-0.3355725074410024
16609U,2025-06-05T18:22:37,0.07418143242933513,0.12344525390186632,-0.3249202503497362
16609U,2025-06-05T18:23:31,0.07148219252005546,0.13334871526593356,-0.31283353373382367
16609U,2025-06-05T18:24:25,0.0689069245340659,0.14303626239651251,-0.2994150920128229
16609U,2025-06-05T18:25:19,0.06644380583992095,0.15246859594572706,-0.284735757632808
16609U,2025-06-05T18:26:13,0.06407304331552732,0.16161140337099475,-0.26883865476327756
16609U,2025-06-05T18:27:07,0.061771141012333254,0.17042438813300603,-0.25174644985952527
16609U,2025-06-05T18:28:01,0.05951508593600803,0.1788537734203435,-0.23347033183928226
16609U,2025-06-05T18:28:55,0.057286091373854965,0.18682751235080897,-0.21402010474895566
16609U,2025-06-05T18:29:49,0.055072560421013834,0.19425297213406,-0.19341526421124222
16609U,2025-06-05T18:30:43,0.05287198442555789,0.2010175511444157,-0.17169686265456469
16609U,2025-06-05T18:31:37,0.050691575749760756,0.2069931086221453,-0.14893933426078854
16609U,2025-06-05T18:32:31,0.04854755830115808,0.2120449037229321,-0.1252605598905749
16609U,2025-06-05T18:33:25,0.04646319839878073,0.2160448882271534,-0.1008277960716916
16609U,2025-06-05T18:34:19,0.044465831303646265,0.2188879263629512,-0.07585711549596842
16609U,2025-06-05T18:35:13,0.04258328992471649,0.2205083003978314,-0.05060490017213346
16609U,2025-06-05T18:36:07,0.040840233376328486,0.2208932068684835,-0.02535152821007737
16609U,2025-06-05T18:37:01,0.039254876185634474,0.2200901805057793,-0.0003792309494913017
16609U,2025-06-05T18:37:55,0.03783652763614662,0.21820650650432516,0.024052429222911002
16609U,2025-06-05T18:38:49,0.03658418461537347,0.21540037187425887,0.047729390649740314
16609U,2025-06-05T18:39:43,0.03548622166604684,0.21186523040735605,0.07050059193982601
16609U,2025-06-05T18:40:37,0.03452103960278868,0.2078100786432634,0.09228779246448822
16609U,2025-06-05T18:41:31,0.033658413851954484,0.2034387316634012,0.11308705163443096
16609U,2025-06-05T18:42:25,0.03286125019543662,0.1989307435502201,0.13296269885117942
16609U,2025-06-05T18:43:19,0.032087505546044066,0.19442564859668368,0.15203548156245816
16609U,2025-06-05T18:44:13,0.03129213509291942,0.19001118924713625,0.17046665796882285
16609U,2025-06-05T18:45:07,0.03042903910344218,0.18571558695012602,0.1884393215361215
16609U,2025-06-05T18:46:01,0.029453057516642792,0.18150390468259134,0.20613767167939187
16609U,2025-06-05T18:46:55,0.028322069313352988,0.17727901191459577,0.2237247694093383
16609U,2025-06-05T18:47:49,0.026999194782095472,0.1728881792426029,0.24131981177997194
16609U,2025-06-05T18:48:43,0.02545499895779509,0.16813639068919348,0.2589770226226987
16609U,2025-06-05T18:49:37,0.023669499900744375,0.1628067089558455,0.27666941496753356
16609U,2025-06-05T18:50:31,0.021633745428692258,0.15668646048869225,0.2942812631483435
16609U,2025-06-05T18:51:25,0.019350771034594594,0.14959604091243162,0.3116125543313744
16609U,2025-06-05T18:52:19,0.016835897839216175,0.14141549847312437,0.3283967741442511
16609U,2025-06-05T18:53:13,0.014116553689348428,0.13210349311920364,0.3443304592688738
16609U,2025-06-05T18:54:07,0.01123207439037032,0.1217042372210595,0.35910984291709047
16609U,2025-06-05T18:55:01,0.008234265484366508,0.11034058883393386,0.3724676658950207
16609U,2025-06-05T18:55:55,0.005189976173625691,0.09819507231664679,0.38420269872491697
16609U,2025-06-05T18:56:49,0.0021878868347601317,0.08548452504835678,0.3941960698536087
16609U,2025-06-05T18:57:43,-0.000646023432824406,0.0724381650167634,0.4024117728178408
16609U,2025-06-05T18:58:37,-0.0031145377675759157,0.059295408959798304,0.4088827663335827
16609U,2025-06-05T18:59:31,-0.004877108352154212,0.04635833034956956,0.41368762863651465
16609U,2025-06-05T19:00:25,-0.005321842930901092,0.03418922841991035,0.41692469331827947
16609U,2025-06-05T19:01:19,-0.0035119963736179056,0.02411769003520116,0.41869029464244156
16609U,2025-06-05T19:02:13,0.0010924105319722764,0.01871717268120027,0.41906587471063733
16609U,2025-06-05T19:03:07,0.007091184649016893,0.020109070386767274,0.41811494912956937
16609U,2025-06-05T19:04:01,0.012227710805838789,0.02714372111342854,0.41588808813490435
16609U,2025-06-05T19:04:55,0.015758300927406807,0.037141701433921634,0.4124316098194531
16609U,2025-06-05T19:05:49,0.017958616565187626,0.04834335372875867,0.4077951977980366
16609U,2025-06-05T19:06:43,0.019203370131142938,0.059945053138520915,0.40203469294168914
16609U,2025-06-05T19:07:37,0.019760287132678873,0.07161207481927372,0.3952084025668906
16609U,2025-06-05T19:08:31,0.019816134000948143,0.08321783588556972,0.38736758945898564
16609U,2025-06-05T19:09:25,0.01951374927917031,0.09473726613921152,0.37854359913091923
16609U,2025-06-05T19:10:19,0.018970953550532743,0.10619926706105712,0.3687349275986609
16609U,2025-06-05T19:11:13,0.018287038352444756,0.11765836102557325,0.3578973952685654
16609U,2025-06-05T19:12:07,0.0175432991712403,0.12917205887392946,0.3459397610422791
16609U,2025-06-05T19:13:01,0.016801555733623193,0.14078040359186478,0.3327259971614158
16609U,2025-06-05T19:13:55,0.016102820893206284,0.15248763756130765,0.3180843997304692
16609U,2025-06-05T19:14:49,0.015467185685645006,0.16424702497756316,0.3018229087412382
16609U,2025-06-05T19:15:43,0.014895281514763591,0.17595006805260183,0.2837494552230738
16609U,2025-06-05T19:16:37,0.014371203329443319,0.18742125105452703,0.2636957468880064
16609U,2025-06-05T19:17:31,0.01386646979096062,0.19841919105155578,0.24154256089247786
16609U,2025-06-05T19:18:25,0.01334443857129206,0.20864467314662866,0.21724432340560992
16609U,2025-06-05T19:19:19,0.012764577015210759,0.21775549201183494,0.19085059025442044
16609U,2025-06-05T19:20:13,0.012086093357844978,0.2253873600840155,0.16252209723702474
16609U,2025-06-05T19:21:07,0.011270630137700733,0.23117948781400982,0.13253937608959937
16609U,2025-06-05T19:22:01,0.010283963068843875,0.2348029202904776,0.10130250099936929
16609U,2025-06-05T19:22:55,0.009096879489123775,0.23598940825902562,0.06932123474213683
16609U,2025-06-05T19:23:49,0.007685575267152204,0.23455849741963256,0.03719555812936975
16609U,2025-06-05T19:24:43,0.006031965939091267,0.23044056401390067,0.0055872167321400655
16609U,2025-06-05T19:25:37,0.0041242405343801265,0.2236936192072436,-0.024816479851730838
16609U,2025-06-05T19:26:31,0.001957811157029531,0.21451181989723528,-0.05334472974617032
16609U,2025-06-05T19:27:25,-0.000463424632290534,0.20322383337404565,-0.07938853314157349
16609U,2025-06-05T19:28:19,-0.00312581967731395,0.19027967264629486,-0.10244565922574263
16609U,2025-06-05T19:29:13,-0.0060051704509684195,0.1762255274181545,-0.122160865245938
16609U,2025-06-05T19:30:07,-0.009066839869153437,0.16166754266434957,-0.13835642511913782
16609U,2025-06-05T19:31:01,-0.0122671400525166,0.14722732306723935,-0.15104823442146775
16609U,2025-06-05T19:31:55,-0.015556032851416345,0.13349381417693773,-0.16044399361298753
16609U,2025-06-05T19:32:49,-0.018880868369013395,0.12097760711454879,-0.1669222734425254
16609U,2025-06-05T19:33:43,-0.02219057044441853,0.11007409596592055,-0.17099432361646444
16609U,2025-06-05T19:34:37,-0.025439485187408607,0.10104093549507341,-0.17325365082291058
